year	Afghanistan	Albania	Algeria	Andorra	Angola	Antigua and Barbuda	Argentina	Armenia	Australia	Austria	Azerbaijan	Bahamas	Bahrain	Bangladesh	Barbados	Belarus	Belgium	Belize	Benin	Bhutan	Bolivia	Bosnia and Herzegovina	Botswana	Brazil	Brunei	Bulgaria	Burkina Faso	Burundi	Cambodia	Cameroon	Canada	Cape Verde	Central African Republic	Chad	Chile	China	Colombia	Comoros	Congo	Costa Rica	CÃ´te d'Ivoire	Croatia	Cuba	Cyprus	Czech Republic	Democratic Republic of Congo	Denmark	Djibouti	Dominican Republic	Ecuador	Egypt	El Salvador	Eritrea	Estonia	Ethiopia	Fiji	Finland	France	Gabon	Gambia	Georgia	Germany	Ghana	Greece	Grenada	Guam	Guatemala	Guinea	Guinea-Bissau	Guyana	Haiti	Honduras	Hungary	Iceland	India	Indonesia	Iran	Iraq	Ireland	Israel	Italy	Jamaica	Japan	Jordan	Kazakhstan	Kenya	Kiribati	Kuwait	Kyrgyztan	Laos	Latvia	Lebanon	Lesotho	Liberia	Libya	Lithuania	Luxembourg	Macedonia	Madagascar	Malawi	Malaysia	Maldives	Mali	Malta	Mauritania	Mauritius	Mexico	Micronesia	Moldova	Mongolia	Montenegro	Morocco	Mozambique	Myanmar	Namibia	Nepal	Netherlands	New Zealand	Nicaragua	Niger	Nigeria	Norway	Oman	Pakistan	Panama	Papua New Guinea	Paraguay	Peru	Philippines	Poland	Portugal	Puerto Rico	Qatar	Romania	Russia	Rwanda	Saint Vincent and the Grenadines	Samoa	San Marino	Sao Tome and Principe	Saudi Arabia	Senegal	Serbia	Seychelles	Sierra Leone	Singapore	Slovakia	Slovenia	Solomon Islands	Somalia	South Korea	Spain	Sri Lanka	Sudan	Suriname	Swaziland	Sweden	Switzerland	Syria	Tajikistan	Tanzania	Thailand	Timor	Togo	Tonga	Trinidad and Tobago	Tunisia	Turkey	Turkmenistan	Uganda	Ukraine	United Arab Emirates	United Kingdom	United States	United States Virgin Islands	Uruguay	Uzbekistan	Vanuatu	Venezuela	Vietnam	Yemen	Zambia	Zimbabwe
1990	2461665937.9	2101624962.5	62045099642.8	1029048481.9	10026737967.9	459469074.1	141352368714.7	2256838858.4	311425933051.2	166463386663.4	8858006035.9	3166000000.0	4229787234.0	31598341233.6	2023318251.9	21650000000.0	206430841501.7	413050000.0	1959965243.8	299787275.8	4867582620.2	1255802469.1	3790567051.9	461951782000.0	3520551724.1	20632090909.1	3101301781.0	1132101252.5	2533727592.0	11151578050.7	593929550908.5	306891107.3	1440711395.7	1738605558.1	33113887818.0	360857912566.0	40274204595.2	250030760.8	9349764580.4	7403457319.2	10795850107.0	22387561845.2	28645436569.1	5591130217.7	40477403219.5	2798746050.6	138247261093.0	452328087.3	7073674721.1	15239278100.4	43130416913.4	4800900000.0	477101651.6	4373665145.6	12175166763.3	1337024782.2	141517648888.2	1275300566196.8	5952293765.8	317083373.5	7753501867.8	1764967948916.6	5889174833.9	97891090928.6	278098777.8	3385000000.0	7650125217.4	2666616176.9	243961995.5	396582263.3	3473562850.3	3048881323.0	34748508332.1	6521544489.2	316697337894.5	113010829349.0	124813263926.4	179885815374.7	49364680083.4	58986997916.9	1177326294440.9	4592224067.4	3139974443543.0	4160003917.4	26932728898.8	8572359162.9	39809538.7	18427777777.8	2674000000.0	865559856.2	5788368511.1	2838485354.0	596415104.5	384400000.0	28901836158.2	7870782260.5	13229247947.9	4471828621.9	3081479800.3	1880784191.8	44024178343.0	215089005.2	2681912030.5	2547163582.3	1019600770.6	2653480001.3	262709776008.0	147200000.0	1752975841.4	2560785660.0	984279598.3	30180108561.9	2512079324.1	8905066163.6	2804379662.2	3627562402.7	314267667675.2	45495727006.5	1009455483.9	2480673304.7	30757075595.4	119791683307.5	11685045513.7	40010424928.7	6433967000.0	3219730365.0	5695201563.4	26410386669.4	44311593755.8	65977749038.4	78721607509.5	30603919000.0	7360439423.1	38995454545.5	516814258695.6	2550185618.1	240365259.3	514000000.0	125766269.8	1215604989.7	72230284.4	117630271802.4	5716644272.0	16750000000.0	368584758.9	649644826.8	36152027893.1	12694544692.7	21273055398.3	302515026.9	5352000000.0	279349355713.8	535101248775.7	8032551173.2	12408647541.0	388300000.0	1114703088.2	258154283908.9	258066552980.1	12308624284.0	2629395066.3	4258743262.8	85343063965.9	350391812.5	1628427515.4	113563821.6	5068000000.0	12290568181.8	150676291094.2	3189539641.3	4304398865.9	81456918678.5	50701443748.3	1093169389204.6	5979589000000.0	1564700032.0	9298839655.2	13360607990.7	158397403.0	47028010661.0	6471740805.6	5647251908.4	3285217391.3
1991	2461665937.9	1139166645.8	45715367087.1	1106928582.9	12118610904.2	481706333.3	189719984268.5	2068526521.9	326068597441.3	173794177725.4	8792365810.5	3111160000.0	4616223404.3	30957483290.5	2007109829.5	17420000000.0	211637816538.7	444720750.0	1986437859.9	250045839.9	5343274311.6	1255802469.1	3942792837.4	602860000000.0	3701667052.6	10943548387.1	3135045684.1	1167398478.3	2533727592.0	12434370005.0	610328183643.2	319827058.6	1377375030.5	1877138041.6	37834793730.3	383373318083.6	41239551378.2	246823428.9	9087965281.5	7168999428.2	10492628915.5	22387561845.2	24316556025.7	5770197348.5	29675502269.6	2724853507.6	139224732275.5	462421998.5	9724402004.3	16988535267.6	36970555899.0	5311000000.0	477101651.6	4373665145.6	13463868357.5	1383843860.1	127866490222.0	1275563306592.3	5402919956.9	690314321.4	6357615894.0	1861873895109.0	6596546195.7	105143232379.9	300757888.9	3385000000.0	9406097735.1	3014890569.0	257150573.2	336708419.5	3473562850.3	3068444711.9	34748508332.1	6966138525.6	266502281092.7	124170512498.1	124813263926.4	179885815374.7	49847127265.8	67530220218.5	1242109397534.0	4071219198.0	3578139437172.0	4344250257.0	24881135586.4	8151479004.2	47515189.3	11008793176.2	2570833333.3	1028087972.3	5788368511.1	4451497288.3	704329192.8	348000000.0	31995012468.8	7870782260.5	14321878795.0	4694744898.0	2653141958.5	2203536031.0	49142784405.0	244468292.7	2724131545.2	2750041434.3	1443688870.0	2856890680.6	314453890803.1	166200000.0	1752975841.4	2379018326.3	984279598.3	32285388165.3	3263761938.0	8905066163.6	3012742078.0	3921476084.9	323320449905.7	42745329732.2	1488804123.7	2327986215.9	27392886872.6	121872464483.5	11341482444.7	45451960731.7	7074675500.0	3787352286.7	6984367762.9	34672122380.8	45417561302.2	85500935935.0	89242382961.0	32287031000.0	6883516483.5	28998684210.5	517962962963.0	1911600969.8	254829629.6	514000000.0	125597205.4	1215604989.7	72230284.4	132223268491.3	5617236032.9	16750000000.0	374359556.1	779981458.9	45474442836.5	14213045493.9	21273055398.3	320355090.6	5352000000.0	325734233312.9	575598537069.7	9000362581.6	11379222222.2	448300000.0	1156141998.3	270362531376.6	261113787378.0	12981833333.3	2534720480.3	4956588278.6	98234695722.0	350391812.5	1602299862.9	132201141.4	5307905882.4	13074782608.7	150027833333.3	3208098919.0	3321729057.1	77464561149.5	51552165622.4	1142797178130.5	6174043000000.0	1671200000.0	11206193313.0	13677622222.2	188869985.7	51749026408.5	9613369520.4	5930370370.4	3378882352.9
1992	2461665937.9	709452583.9	48003298223.1	1210013651.9	5684291718.8	499281148.1	228788617201.7	1272577456.1	325692532492.5	195078126346.1	4991350457.5	3109000000.0	4751063829.8	31708873954.9	1950900000.0	17120370370.4	236038384441.7	518239100.0	1695315305.7	250794359.6	5643893347.0	1255802469.1	4146513722.3	400599250000.0	4183548189.1	10350515463.9	2240264711.5	1083037670.6	2533727592.0	11396310990.2	592387689252.9	357160985.3	1411917558.5	1881847676.8	45964327558.9	426915712711.1	49279585355.1	266191040.4	8206227134.0	8528593084.5	11152971316.1	22387561845.2	22085858243.2	6912150456.3	34590052812.2	2933222705.8	152915624327.0	478058304.9	11277676880.0	18094238119.1	41855986519.4	5954700000.0	477101651.6	4373665145.6	10492993077.6	1531803060.5	112625431377.8	1408724907063.2	5592390848.5	714255460.5	3690328963.6	2123130870382.0	6413901601.8	116224673042.5	310160444.4	3385000000.0	10440842165.3	3284625277.2	226313492.7	368281378.9	2257129873.7	3419487440.7	38724945367.9	7138787995.3	284363884079.9	136313684977.6	124813263926.4	179885815374.7	55985505158.8	75575902932.0	1315806985860.2	3530892749.0	3897826229662.9	5311329067.4	24906939560.1	8209129171.7	47737955.3	19858555214.7	2316562500.0	1127806944.6	5788368511.1	5545921947.5	831033941.1	223500000.0	33881392045.5	7870782260.5	16065740777.9	2316618542.5	3024459564.3	1799529357.1	59167157497.9	284853358.6	2830673388.8	3021910216.7	1464392416.1	3224267547.8	363609256195.7	178100000.0	1752975841.4	1317611863.8	984279598.3	33711069430.8	2291175764.7	8905066163.6	3448326858.3	3401211581.3	358330385839.6	41649298171.0	1792800000.0	2344987614.3	29300903643.1	130838040067.6	12452275682.7	48635176852.8	8042337700.0	4377984100.0	7157424031.1	36139225287.9	52976344929.0	94337050693.3	107602689040.7	34630430000.0	7646153983.5	25121666666.7	460290556900.7	2029026704.0	277954111.1	514000000.0	132303041.4	1215604989.7	72230284.4	137087876662.2	6004885321.3	16750000000.0	433667193.8	679997997.6	52156414978.5	15431288006.2	21273055398.3	378778047.2	5352000000.0	350051111253.4	629202392003.9	9703011635.9	7034219712.5	404600000.0	1284766234.2	280312318915.5	271814366804.2	13253565899.0	1909246640.8	4601413263.5	111452869378.5	350391812.5	1692959110.2	137066290.6	5439552941.2	15497286295.8	158459130434.8	3200539816.1	2857457860.1	73942235330.4	54239171887.8	1179659529659.5	6539299000000.0	1770899968.0	12878157305.7	12941297376.1	196142585.0	58450099415.2	9866990236.4	6463649985.0	3181921787.7
1993	2461665937.9	1228071037.8	49946455211.0	1007025755.0	5278182970.8	535172777.8	236741715015.0	1201313201.0	312372821810.0	190379720927.5	3973027396.7	3092000000.0	5200265957.4	33166520084.8	2046189032.0	16286280991.7	225924679920.7	559858250.0	2274557914.1	235239570.4	5734676560.9	1255802469.1	4160086253.1	437798577639.8	4105706151.8	10829710144.9	2332018010.6	938632612.0	2533727592.0	15498179313.0	577170761956.4	490417389.7	1278781166.7	1463251055.4	49297773130.1	444731282436.8	55802538219.0	263568114.4	10707792340.0	9537297507.2	11045759468.9	22387561845.2	22367254864.9	6590291048.3	40614350197.2	1918970177.7	143195607581.9	466048469.2	12976408000.0	18938717358.7	46578631452.6	6938000000.0	467872714.8	4373665145.6	8830712713.9	1635426125.3	89255751014.9	1330094973361.1	4378645081.0	755042548.1	2701181331.3	2068555542411.0	5966255778.1	108809058858.5	309812185.2	3385000000.0	11399942453.1	3279063317.6	236880813.8	442273433.2	1878253818.1	3481990761.3	40119073326.4	6269347502.8	275570363432.3	168233897472.0	63743623232.0	179885815374.7	52480251889.8	75954641355.4	1061445225790.6	4859766160.9	4466565327401.3	5605841535.6	23409027475.7	5751789915.1	46919624.6	23941391390.7	2028295454.5	1327748654.7	5788368511.1	7535259851.0	835592802.3	160400000.0	30657030223.4	7870782260.5	16486900186.6	2550195043.1	3370842210.9	2070647127.0	66894448545.1	322326642.3	2818280876.1	2709178326.8	1249944999.4	3263368410.0	503962832199.3	198400000.0	1752975841.4	768401634.2	984279598.3	31655473663.8	2394823061.9	8905066163.6	3218475900.5	3660041666.7	349037818106.3	46775067750.7	1756454248.4	1606581743.8	15789003752.8	120579072750.6	12493107932.4	51478304859.6	8782585400.0	4974662910.0	7249533620.3	35158109999.5	54368083953.1	96045645026.2	95019103603.0	36922456000.0	7156593653.8	26362894736.8	435083713850.8	1971525998.9	286307814.8	514000000.0	133122897.2	1215604989.7	72230284.4	132967901415.2	5678827998.8	16750000000.0	473916819.5	768812334.8	60644572348.1	16452201101.0	21273055398.3	410923236.2	5352000000.0	386302839273.9	523649481762.3	10338679635.8	8881785938.5	428794117.6	1357206995.7	209950792712.7	264353008121.3	13695962019.2	1646693642.1	4257702196.5	128889832382.8	350391812.5	1233496846.3	138489884.4	4669488516.4	14608946896.5	180169736363.6	3179225948.6	3220439044.2	65648559903.1	55625170253.3	1061388722255.6	6878718000000.0	1996000000.0	15002144584.4	13099013835.5	188080374.4	58124193832.6	13180953598.2	5368270614.8	3273237853.4
1994	2461665937.9	1985673798.1	42542571305.5	1017549124.3	4059352153.1	589429592.6	257440000000.0	1315158670.3	323216879972.3	203535242741.8	3313739673.5	3259000000.0	5567553457.4	33768662171.2	2151295182.2	14932192010.7	246194938750.9	580863700.0	1598075932.4	270801565.2	5981244886.9	1255802469.1	4259330999.0	558111997497.3	4087337959.9	9697416974.2	1895290964.8	925030590.2	2791435272.3	10600157683.8	578139279437.6	406580652.3	851174350.6	1179837954.7	57008425295.8	564324670005.9	81703500846.0	185761822.6	5820383305.5	10432619390.4	8313557450.3	22387561845.2	28448326756.8	7425703928.6	47554674590.9	1769365438.9	156162311731.6	491689220.7	14511134920.6	22708673336.7	51897983392.6	8085600000.0	531688311.7	4373665145.6	6927950564.6	1825285158.1	103321570859.4	1401636342155.0	4190819314.0	746491692.6	2513870586.7	2205966011811.5	5444560669.5	116601802106.7	325111814.8	3385000000.0	12983235568.2	3383218922.8	235619994.8	540874934.2	2167569095.1	3432356578.8	43160392123.6	6441621297.8	322909902308.1	188341726958.3	71841461172.6	179885815374.7	57166035689.0	86307135996.8	1095590833693.6	4907861405.8	4907039384469.7	6237739516.2	21250839258.1	7148145375.8	54832577.9	24848483838.4	1681006993.0	1543606345.1	5788368511.1	9599127049.9	878250450.6	132200000.0	28607921928.8	7870782260.5	18325791415.5	3381270207.9	2977040722.5	1181801919.7	74477975918.3	355884383.1	2081846482.7	2998570146.5	1315932645.0	3558137040.4	527318753518.4	202500000.0	1752975841.4	925817092.2	984279598.3	35604137422.6	2460670287.7	8905066163.6	3636645995.3	4066775510.2	374291430318.4	55315342817.0	3863185119.0	1563207224.7	18086400535.6	127131461119.9	12918855656.7	51894781281.9	9365289800.0	5502648500.0	7870982171.0	44882079766.9	64084460124.5	110803391516.7	99698453260.9	39690630000.0	7374450769.2	30074440483.4	395077301248.5	753636370.5	289438481.5	514000000.0	221098106.5	1215604989.7	72230284.4	135174886488.7	3877196914.9	16750000000.0	486451204.6	911915970.7	73777792326.8	20079363625.6	21273055398.3	464756638.5	5352000000.0	455602962225.4	529121577319.6	11717604208.8	12794192334.3	605492537.3	1419293455.0	226079963711.8	292646657673.5	10122020000.0	1346074611.5	4510846967.9	146683499006.0	350391812.5	982624324.5	193775943.0	4947205860.0	15632463424.3	130690172297.3	2561118608.4	3990430446.7	52549555149.2	59305093979.8	1140489745944.3	7308755000000.0	1996000000.0	17474578502.4	12899156990.6	219260341.1	56531046464.6	16286433533.3	4167356037.2	3656647744.2
1995	2461665937.9	2424499009.1	41764052457.9	1178738991.2	5039552482.4	577280740.7	258031750000.0	1468317350.1	368391743391.7	241038283062.6	3052467522.4	3429000000.0	5849467819.1	37939748051.4	2261969870.2	13972630803.6	289567323481.1	620140400.0	2169627250.9	303053462.8	6715220507.1	1866572953.7	4730611067.0	785643456467.3	4734020036.7	13063422619.0	2379518099.2	1000428393.9	3441205692.9	9643953174.8	604031623433.4	487148993.5	1115389731.8	1445919969.9	73447063319.3	734547898220.5	92507279383.0	231896229.6	5643439262.2	11513472693.9	11000146839.5	22387561845.2	30429803651.2	9826778784.0	59775697061.0	2116003868.2	185006961302.3	497723960.6	16358496124.0	24432884442.2	60159245060.5	9500500000.0	578015625.0	4373665145.6	7663984567.9	1970347721.0	134199346405.2	1609892232882.1	4958845906.3	785996982.5	2693731866.0	2591620035485.2	6465137614.7	136878366230.3	342172518.5	3385000000.0	14655487455.7	3693753379.1	253966919.9	621626785.9	2813313281.8	3911053180.4	46418916500.4	7181787873.9	355475984176.2	215215297396.3	96419225743.7	179885815374.7	69222624494.9	100343219506.5	1170787352906.2	5779285207.9	5449116304981.1	6727446632.4	20374307047.1	9046326060.0	56338028.2	27191689008.0	1661018518.5	1763536304.5	5788368511.1	11718795528.5	1001889856.9	134800000.0	25544128199.0	7870782260.5	21588170498.1	4449375346.5	3159901232.0	1397454122.2	88704944178.6	398988955.0	2706425298.4	3439931906.6	1415296704.1	4040345933.3	343792792161.3	222103600.0	1752975841.4	1452165005.2	984279598.3	39030285468.4	2521738759.6	8905066163.6	3942478205.7	4401104417.7	446528959648.6	63918703506.9	4140470000.0	1880803361.7	28546958641.3	152027402449.8	13802600780.2	60636022422.6	9573813700.0	4636113480.0	9062131307.9	53312793687.4	74119987244.5	142137319587.6	118133634071.9	42647331000.0	8137911978.0	37662075750.1	395531066563.3	1293535010.9	316008481.5	514000000.0	224865731.4	1215604989.7	72230284.4	143343036341.8	4878719133.2	16750000000.0	508221508.2	870758739.4	87890009877.2	25733043137.3	21273055398.3	519334096.7	5352000000.0	556130926912.8	612939685081.4	13029697561.0	13829744878.6	693970588.2	1698982437.8	264051981551.3	342617007103.6	11396706586.8	1231523034.8	5255221424.8	169278552851.3	350391812.5	1309382885.3	202547013.9	5329214163.2	18030876599.3	169485941048.0	2482228439.7	5755818947.4	48213868178.1	65743666575.9	1335218557677.1	7664060000000.0	1996000000.0	19297663096.6	13350468917.4	233902114.9	74906532239.8	20736164459.0	4258788725.4	3807067121.9
1996	2461665937.9	3314898291.8	46941496779.8	1223945356.6	7526446605.5	633730629.6	272149750000.0	1596968913.3	401819423368.7	237250948791.3	3176749593.1	3609000000.0	6101861436.2	46438482370.4	2411872918.0	14756861538.5	281358175895.8	641383800.0	2361116587.9	316420860.9	7396966657.5	2786045321.6	4847752842.8	850425828275.8	5115602836.9	10109404159.6	2586550747.1	869033856.3	3506695719.6	10513387441.6	628546387972.1	501979069.3	1007791186.2	1607345450.0	78039572221.6	863746717503.8	97160109277.8	230495751.4	5771454939.6	11618286553.4	12139234938.8	23678012697.4	25017300000.0	9899623588.5	66985765439.2	2540697537.7	187632400365.6	494004647.7	18131813000.6	25226393196.6	67629716981.1	10315500000.0	693535954.2	4746109767.2	8547939730.6	2129266728.4	132099404607.8	1614245416079.0	5694040336.8	848237108.6	3094915505.9	2503665193657.4	6934984709.5	145861612825.6	366911444.4	3385000000.0	15674852771.1	3869032270.9	270419779.4	705406001.4	2907517543.4	4034037162.2	46659796772.5	7501950115.8	387656017799.6	242086489086.9	120403931885.4	179885815374.7	75880630040.3	109957321960.1	1308929351236.0	6504445801.3	4833712542207.1	6928359238.4	21035357832.8	12045858436.2	66515376.8	31493987642.0	1827570586.2	1873671550.3	5970044665.6	13690217333.3	946123275.9	159400000.0	27884615384.6	8385109020.3	21776609772.0	4422160017.5	3995028592.8	2281039097.7	100854996422.6	450382328.0	2780422212.3	3570271557.9	1442598431.0	4421943910.5	397404140458.5	218845700.0	1695130456.5	1345719472.4	984279598.3	43161452678.4	3523842274.9	8905066163.6	3945340776.4	4521580381.5	445704575163.4	70140835299.0	4308351902.8	1987770898.5	34987951375.0	163517783497.2	15277763329.0	63320122807.1	9870494000.0	5155485419.7	9788391732.8	55252414130.3	82848140618.0	159942880457.0	122629812841.2	45340835000.0	9059340384.6	37182938696.1	391719993756.8	1382334879.4	331489703.7	514000000.0	249908970.7	1215604989.7	72230284.4	158662398745.0	5065830414.0	20948677839.9	503068472.2	941742152.7	96403758865.2	27821913815.0	21480023017.0	565163750.6	5352000000.0	598099073901.4	640998292394.6	13897738375.2	9018243044.5	860630922.7	1602760100.5	288103936773.0	330091688349.5	13789560878.2	1043893062.6	6496195450.6	183035154107.5	350391812.5	1465448290.3	219583570.1	5759537726.3	19587322786.1	181475555282.6	2379281768.0	6044585326.9	44558077827.1	73571233996.2	1408781591263.7	8100201000000.0	1996000000.0	20515465834.1	13948892215.6	245177633.2	68263823148.8	24657470574.8	5785685310.9	3597220962.0
1997	2461665937.9	2359903108.4	48177862501.9	1180597272.7	7648377412.8	680617111.1	292859000000.0	1639492424.4	436097980904.7	212790348404.6	3962710163.1	4961119000.0	6349202393.6	48244308274.8	2549296474.9	14128412417.2	254813599458.7	654314350.0	2268301537.7	365964500.1	7925673448.4	3671816504.2	5020214747.5	883199443413.7	5197332974.1	11195630536.9	2447669403.9	972896267.9	3443413388.7	10833497457.5	652825364726.3	490608657.9	937741468.0	1544689502.8	84952360922.5	961603952951.8	106659508271.3	212099634.7	6090840548.2	12552071367.2	11722142706.1	23822087053.2	25366200000.0	9594298745.7	61792161168.0	2322719101.3	173537588008.2	502675542.0	19593869595.0	28162053026.5	78436578171.1	11134700000.0	686490090.1	5066240419.3	8589211390.5	2093994597.2	126833123353.6	1460709148123.2	5326816859.0	803630742.5	3510540809.2	2218689375141.0	6891308593.8	143157600025.0	392190592.6	3385000000.0	17790095901.0	3783788551.1	268551010.9	749138009.6	3338949151.6	4663193916.3	47290180588.6	7596126046.0	410320300471.2	229713644057.5	113919163421.2	179885815374.7	82826141714.4	114724862034.0	1239050932241.9	7450324787.4	4414732843544.4	7246188575.5	22165932063.0	13115773737.6	67537479.6	30354434553.2	1767864035.7	1747011857.3	6525676264.2	15751867489.4	997996028.6	295900000.0	30698633109.1	10120274492.9	19731912494.4	3735312142.6	3545776697.1	2663238982.8	100005323301.9	508223602.4	2697105694.1	3705372038.7	1401946853.2	4187367601.7	480554644187.7	206900300.0	1930071406.9	1180934202.8	984279598.3	39147844526.1	4227273069.1	8905066163.6	4102648719.6	4918691916.5	412199006098.9	66074513017.7	4389965591.0	1845599608.4	35822342617.7	161354369892.8	15837451235.4	62433300338.1	10677286100.0	4936605080.0	9965225496.6	58147522522.5	82344260570.7	159117799530.4	117046198970.8	48187039000.0	11297802115.4	35838588169.6	404926534140.0	1851558301.7	347770000.0	514000000.0	285475591.9	1215604989.7	72230284.4	165963557409.9	4672503920.2	24147996549.6	562958836.5	850218033.6	100163995150.9	27660149541.2	20749140606.2	567919502.8	5352000000.0	557503074772.2	588692045454.5	15091913883.7	11681494637.3	929607500.0	1716699913.2	264477727278.7	286519135326.9	14505233968.9	921843144.2	7683852496.8	150180268649.4	350391812.5	1498950899.1	212155124.7	5737751331.6	20746360430.4	189834649111.3	2450084970.2	6269333313.2	50150399791.6	78839008444.6	1552483628028.8	8608515000000.0	1996000000.0	23969746849.9	14744603773.6	255890221.8	85843534588.6	26843700441.5	6839039029.7	4303281932.3
1998	2461665937.9	2707123772.2	48187747528.9	1211932397.8	6445041824.7	727860592.6	298948250000.0	1893726437.3	399778878111.6	218259904402.0	4446396217.6	5353524000.0	6183776595.7	49984559471.4	2874459304.9	15222014828.3	260601911535.9	688992450.0	2455092582.3	376955087.3	8497545598.1	4116699437.4	4790458837.2	863723395088.3	4051147227.5	14630974778.5	2804902723.7	893770806.1	3120425502.6	10612847429.4	631813279406.8	521910560.5	967338348.7	1744794457.3	81577430181.4	1029043097554.1	98443739941.2	215394066.1	6215591269.9	13617405420.1	12612033728.9	25432144406.2	25736331247.2	10353506787.3	66490372105.1	1949481380.6	176992000955.1	514267869.3	21171523985.1	27981896948.5	84828807556.1	12008400000.0	745526154.9	5617109244.6	7818224905.6	1656784779.5	133936359590.6	1510758283300.0	4483417119.8	840285264.6	3613500117.2	2243225519617.7	7480968858.1	144428172835.2	445903592.6	3385000000.0	19395461989.5	3588376057.0	206457553.4	717530683.2	3723903723.6	5202215657.3	48770466838.6	8468339855.9	415730874172.1	101623389921.6	110276913362.5	179885815374.7	90082029830.7	115979230546.6	1266309245009.5	8718300136.4	4032509760872.9	7912327362.5	22135245413.2	14093998843.7	65334841.1	25941929461.9	1645963749.8	1280177838.7	7174985106.6	17247179005.5	928458206.0	359600000.0	27249786142.0	11240360897.7	20209122027.1	3571043102.6	3738704467.5	1750585204.4	72167753770.9	540096397.6	2920358586.8	3923637971.0	1375115534.1	4169664285.4	502010250656.7	219646200.0	1639497206.7	1124440249.0	984279598.3	41806219378.6	4873242526.1	8905066163.6	3826527630.6	4856255044.4	432476116418.6	56227169851.0	4635267224.8	2076737356.7	32004613750.0	154165219811.5	14085373212.0	62191955814.3	11575486400.0	3789428160.0	9024567484.2	55501467877.4	72207025219.5	174388271853.6	123981736420.3	54086409000.0	10255495027.5	41976002703.9	270953116950.0	1989343495.2	373619851.9	514000000.0	269481523.2	1215604989.7	72230284.4	146775498080.0	5030344074.0	18284194680.4	608369282.2	672375927.3	85707636233.3	29828899205.7	22125435372.2	471177008.1	5352000000.0	374241351752.5	617041986858.2	15794972847.2	11250327988.0	945000000.0	1576904292.5	266800462898.9	295045152021.0	15200846138.5	1320126706.2	9345174219.1	113675706127.3	350391812.5	1587345951.0	188686997.3	6043694330.2	21803372266.6	275768695818.9	2605688065.1	6584815846.5	41883241471.7	75674336283.2	1638511096389.5	9089168000000.0	1996000000.0	25385928198.3	14988971210.8	262301252.8	91331203433.2	27209602050.0	6325219772.9	3537683046.0
1999	2461665937.9	3414760915.3	48640574566.6	1239876305.1	6152922943.0	766198925.9	283523000000.0	1845482181.4	389146509587.7	217185787342.9	4581222442.5	6019972000.0	6621010372.3	51270569883.5	3012081738.2	12138485328.6	260202429149.8	732732350.0	2689787917.5	419035810.5	8285075872.3	4685729738.6	5484257417.2	599388879704.6	4600000000.0	13495062850.3	2993753187.1	808077223.4	3517242477.2	11198378749.5	676082654640.9	592416703.1	999477510.7	1534673583.2	75173794497.0	1093997267271.1	86186158684.8	222580453.8	4711259427.3	14195623424.8	12376639822.9	23386945596.7	28364615241.7	10614455231.9	64867483193.1	2353909441.7	177965224620.9	536080148.1	21709726722.1	19645272636.3	90710704806.8	12464700000.0	688921325.7	5726897998.3	7700833482.0	1942170999.2	135225868314.5	1500275942893.7	4662992036.2	814723460.1	2800024314.0	2199957383336.9	7719354838.7	142540728958.0	482009370.4	3385000000.0	18318512501.0	3461282293.6	224446652.1	694754988.3	4153725966.9	5372543554.0	49170434391.0	8931365460.6	452699998387.0	149063127838.1	113848450088.4	179885815374.7	98691939590.9	117189920211.6	1248563179203.1	8795765306.1	4562078822335.5	8149106064.9	16870817134.8	12896013576.7	69032258.1	30121879435.0	1249062025.1	1454430642.5	7533187605.1	17391056369.2	912771290.6	441800000.0	35976714100.9	10972878636.2	22235929043.3	3673288263.6	3717515282.5	1775920039.6	79148947368.4	589239753.6	3439463140.4	4127313818.3	1405662878.9	4291172815.6	579459682649.3	220660500.0	1170785047.8	1057408588.7	984279598.3	41632027599.9	5302532113.3	8905066163.6	3818954448.0	5033642384.1	441975282335.4	58761741657.6	4855717874.7	2018193703.1	35870792987.9	162286003692.7	15710148244.5	62973855718.9	12130252200.0	3477060138.3	8392549702.3	50187324567.9	82995147090.0	169717677900.7	127465545493.3	57840954000.0	12393131868.1	36183003978.3	195905767668.6	1817655328.1	390719148.1	514000000.0	258833766.6	1215604989.7	72230284.4	161716960000.0	5144045360.0	18409364147.0	622985493.7	669384768.9	86283126843.7	30415095887.5	22689994990.1	482214092.3	5352000000.0	485248229336.7	633194118900.5	15656327859.6	10682045258.4	885444186.0	1547884442.3	270847937645.2	289912492344.6	15873875969.0	1086567377.6	9697847263.6	126668932159.5	350391812.5	1576094566.5	196686674.7	6808982520.8	22943685719.1	255884300382.0	2450686659.8	5998563257.9	31580639045.5	84445473111.0	1665623685487.8	9660624000000.0	1996000000.0	23983945190.6	17078465982.0	267999225.3	97976886247.3	28683659006.8	7641101221.4	3404311976.5
2000	2461665937.9	3632043908.0	54790245600.6	1434429703.3	9129594818.6	830158768.9	284203750000.0	1911563665.4	415446209885.1	196799778883.4	5272617196.0	6327552000.0	9062906914.9	53369787318.6	3121500000.0	12736856828.0	237904919845.2	832072450.0	2569186642.9	439158233.2	8397912509.1	5505984456.0	5788329609.2	655421153320.6	6001153306.3	13148099185.2	2628920056.1	870486065.9	3654031716.3	10083937740.1	742293448252.6	539227277.6	914500299.1	1385058161.8	77860932151.8	1211346869605.2	99886577330.7	203846427.7	19088046305.8	14949514585.2	10717022462.7	21774273832.1	30565400000.0	10183317624.9	61649492816.5	3219910666.0	164158800460.2	551230861.9	23996063503.0	18327764882.4	99838543960.1	13134100000.0	706370815.6	5685774808.8	8242392103.7	1684109743.5	125539893127.0	1368438363736.9	5067865320.8	782915402.4	3057453482.6	1949953934033.5	4983024408.1	130133845771.1	520044370.4	3385000000.0	19288926545.4	2995360969.2	370173851.9	712667896.7	3953839593.8	7103529494.4	47310623887.2	8946079678.4	462146799336.8	175702220055.5	109591707802.2	179885815374.7	99853528745.2	132339311284.4	1141759996314.7	8929375580.3	4887519660744.9	8460424400.6	18291990619.1	12705357103.0	67254174.4	37711864406.8	1369693171.4	1731198022.5	7937758980.3	17260364842.5	887295267.9	529064600.0	38270206950.4	11539211480.4	21263514833.2	3772851420.2	3877673539.1	1743506287.4	93789736842.1	624337145.3	2954129565.8	4306192435.8	1293654175.2	4582555124.6	683647965227.0	233226300.0	1288429150.5	1136896123.6	984279598.3	38857251336.3	5016469068.5	8905066163.6	3908661517.6	5494252207.9	412807259996.3	52623281956.7	5107329007.1	1798374468.4	46386011231.4	171315639982.7	19507412223.7	73952374969.8	12304115000.0	3521348154.8	8195993230.7	51744749133.2	81026297144.3	171885598582.6	118358489957.6	61701810000.0	17759890109.9	37438527799.5	259708496267.3	1734938264.5	396270000.0	514000000.0	269019710.3	1101897071.8	72230284.4	189514926213.3	4679604753.6	6540247190.3	614879764.8	635874002.2	95833932714.6	29114875621.9	20342201356.0	435103853.5	5352000000.0	561633125840.0	595402616546.9	16330814180.0	12257418326.1	892164393.9	1738100853.1	259802012617.1	272055499940.8	19325894913.1	860550305.8	10185786382.8	126392308497.7	350391812.5	1294250233.2	202363492.2	8154338233.0	21473188881.6	272979390595.0	2904662604.8	6193246837.1	31261527363.1	104337372362.2	1647951278559.5	10284779000000.0	1996000000.0	22823255801.8	13760374487.5	272014693.1	117140723529.4	31172518403.3	9636342274.8	3600683039.7
2001	2461665937.9	4060758804.1	54744714396.2	1496912751.7	8936063723.2	800740257.4	268696750000.0	2118467913.4	378899860470.1	197337879194.6	5707720390.9	6516651000.0	8976207712.8	53991289844.3	3116650000.0	12354820143.9	237841968680.1	871860600.0	2680213931.5	476360697.2	8141537937.6	5748990666.2	5489608299.7	559372502338.2	5601090584.4	14135393875.6	2812845513.6	876794723.1	3984000517.0	10371327756.5	736379777892.6	563024383.3	931833302.8	1709347793.3	70979923960.4	1339395718865.3	98203546156.3	220093812.2	7438189100.3	15913363335.1	11192560827.3	23289671102.3	31682400000.0	10567304189.4	67523642262.4	2794259783.1	164791416350.3	572417440.8	24892521237.0	24468324000.0	97632008709.9	13812700000.0	752368495.5	6245069734.1	8231326016.5	1660102345.6	129250111856.8	1382218344519.0	5018874179.2	687408804.6	3219487824.9	1950648769574.9	5314909953.9	136191353467.6	520444185.2	3385000000.0	18702802394.8	2833442750.4	392278168.2	696281471.7	3596448035.4	7565869927.7	53821315066.1	8146073989.5	478965491061.7	170832093270.9	126878750295.9	179885815374.7	109133515615.2	130706147870.7	1162317852349.0	9087918836.8	4303544259842.7	8975689844.9	22152694161.9	12986007425.9	63101272.4	34890772742.1	1525112241.8	1768619058.3	8350252966.2	17649751243.8	825706961.2	521000000.0	34110064452.2	12252498921.0	21272418791.9	3709637829.9	4529575347.6	1716502862.3	92783947368.4	870179738.6	3465305993.5	4331870647.7	1295539448.4	4536538210.7	724703603502.3	240051900.0	1480656884.4	1267997934.3	1159860290.2	39459581217.4	4766928746.7	6477790688.2	3546783708.1	6007061224.5	426573601789.7	53872425916.6	5323146565.7	1945327564.7	44137994251.6	174003247439.3	19452015604.7	72309738921.3	12502013400.0	3081024212.4	7662595075.9	52030158775.4	76262072022.2	190521263343.0	121545880984.3	69668635000.0	17538461538.5	40716836998.0	306602673980.1	1674685094.0	430040370.4	514000000.0	273088357.2	1160626398.2	72230284.4	184137469733.3	4877602059.5	12267175481.3	622262057.2	1079478387.8	89286208628.7	30703017449.7	20875387068.1	400463452.1	5352000000.0	533052076313.5	625975838926.2	15746229581.6	13182979783.5	763465550.5	1542477308.9	239917320967.0	278631271391.3	21099833783.5	1080774007.3	10383560602.9	120296746256.6	429570502.6	1332328999.1	181244788.5	8824873259.3	22066101341.5	200251925587.5	3534771968.5	5840503868.6	38009344576.6	103311640571.8	1621510004318.4	10621824000000.0	1996000000.0	20898788416.6	11401351420.2	257926881.7	122903960204.5	32685198735.3	9854042164.7	4094480988.1
2002	4128820723.0	4435078647.7	56760288973.7	1733116883.1	12497346669.7	814615323.7	97724004251.9	2376335048.4	394635830891.6	213377771503.9	6235795103.9	6957996000.0	9632155053.2	54724081490.5	3169600000.0	14594925393.0	258860436664.8	932551850.0	3054571081.7	537050133.7	7905485216.2	6651226179.0	5438857106.7	507962741819.9	5843329107.6	16360346653.8	3205592289.8	825394490.2	4284028482.5	11579343088.2	757950678646.5	620974660.2	991387870.1	1987622279.1	69736811435.1	1470550015081.6	97933391976.1	246737679.5	8728038525.1	16504795453.3	12346919216.1	26878499206.0	33590500000.0	11618269230.8	81910771993.9	3019993738.8	178635160297.4	591122039.6	26571620978.8	28548945000.0	87850683978.7	14306700000.0	729321366.7	7322069511.2	7850809498.2	1842691481.1	139552983248.6	1500337850555.2	5310381151.4	578236035.1	3395778673.8	2079136081310.0	6166330136.3	153830947016.8	540336925.9	3385000000.0	20776669466.6	2949637039.0	415843482.0	722460886.4	3472194099.4	7775078402.9	67716887203.4	9199643908.0	508068952066.0	208325008593.0	128626917503.7	179885815374.7	127945378411.4	121069378150.2	1266510634293.2	9694161516.3	4115116279069.8	9582453032.4	24636593223.3	13147743910.7	72196457.7	38137545245.1	1605640633.4	1758176653.1	9546441564.3	19152238806.0	775780697.7	543000000.0	20481889763.8	14278357283.7	23616328816.1	4018365247.4	4397254607.6	3495748397.6	100845263157.9	897031250.0	3889758023.7	4689832689.8	1324426606.6	4767303154.0	741559509631.3	241543400.0	1661818168.4	1396555720.0	1284446123.3	42236836820.6	5031510908.9	6777632512.1	3361251197.7	6050875806.7	465368906455.9	66628222189.4	5224213017.5	2170481508.9	59116847821.6	195418347153.0	20142782834.9	72306820396.2	12994310400.0	2999511040.2	6325151760.1	54777553515.1	81357602950.2	198680637254.9	134228697534.4	72546194000.0	19363736263.7	46174557555.6	345110438692.2	1677447150.1	461883444.4	514000000.0	288078881.4	1253529079.6	80531992.1	189605920240.0	5333862371.3	16116843146.5	697518248.2	1239004287.8	91941192896.2	35083608131.0	23563576758.1	341661643.6	5352000000.0	609020054512.5	705145868624.1	16536535647.1	14803189092.7	1078402127.7	1432228125.3	263926220332.5	301416810214.3	21582248881.7	1221113780.3	10805599892.7	134300851255.0	422917862.1	1474630207.1	182737040.1	9008273720.9	23142294436.2	238428126327.0	4462028988.7	6178563590.9	42392896031.2	109816201497.6	1768408273381.3	10977514000000.0	3269000000.0	13606494599.4	9687951055.2	262603781.8	92893587733.7	35064105500.8	10693278291.8	4193845678.2
2003	4583644246.5	5746945912.6	67863829880.5	2398645598.2	14188949190.6	855643099.6	127586973492.2	2807061008.7	466853232382.1	261695778781.0	7276013032.0	6949317000.0	11074822074.5	60158929188.3	3274850000.0	17825436034.5	319002821670.4	990374050.0	3905366187.9	622026107.8	8082364868.4	8370020196.2	7511582173.4	558320116997.1	6557333084.6	21074775206.3	4205691222.1	784654423.6	4658246918.3	14548845764.5	892380986367.9	813963830.2	1139754799.2	2736666515.8	75643459839.6	1660287965662.7	94684584162.8	317562269.4	8937567059.9	17195867540.4	15306602560.3	34658113497.4	35901200000.0	14576896942.2	99627140274.4	3495868808.1	218095997085.5	622044665.5	21277165885.7	32432859000.0	82924503942.6	15046700000.0	870247703.2	9833870709.1	8623691300.0	2315935752.7	171071106094.8	1848124153498.9	6497305662.1	487038821.6	3991374548.5	2505733634311.5	7632406552.8	201924270316.0	591018407.4	3560000000.0	21917706490.5	3446442218.9	476388260.6	741929342.8	2960306120.9	8140271080.6	85324771841.4	11304084266.5	599592902016.2	249968428761.6	153544751395.4	179885815374.7	164285114672.7	126864966908.9	1569649661399.6	9399452787.8	4445658071221.9	10195660789.8	30833699702.8	14904517649.8	90231856.8	47875838926.2	1919012781.0	2023324407.3	11748433157.1	20082918739.6	1157832934.6	416000000.0	26265625000.0	18802576988.2	29557325056.4	4946292774.8	5474030080.2	3208837077.3	110202368421.1	1052121056.0	4703504466.5	5456583589.4	1563074859.5	5609831328.1	713284231624.8	245277400.0	1980901553.5	1595297355.8	1707678389.7	52064058834.0	5597367853.4	10467109977.7	4931312147.2	6330473096.5	571863431151.2	88250885550.3	5322454925.8	2731416346.5	67655813930.1	228752436371.9	21633810143.0	83244801092.7	13693981200.0	3536411824.3	6588103836.3	58731030121.9	83908206456.1	217518642324.5	164964195259.6	75833996000.0	23533791208.8	59867801204.8	430347770731.8	1845979299.0	481806296.3	527000000.0	338838639.4	1600451467.3	96343906.4	215807655253.3	6858952880.1	21188704081.2	705704816.0	1371442565.7	97001377568.6	46731767494.4	29697448108.3	332738245.9	5352000000.0	680520724062.4	906853273137.7	18881765437.2	17646503525.2	1271196078.4	2197612701.1	331108912605.3	352914820747.0	21828144686.0	1554125530.8	11659129888.8	152280653543.7	430520879.8	1673690429.6	202543202.0	11305459802.1	27453084982.5	311823003531.2	5977440582.8	6336696289.0	50132953288.2	124346358066.7	2038395102040.8	11510670000000.0	3453000000.0	12045631092.5	10128112401.4	314463144.0	83620628582.1	39552513316.1	11777768086.9	4901839731.3
2004	5285465685.9	7314865175.6	85324998813.6	2935659299.7	19640848728.9	919577142.6	164657930452.8	3576615240.4	613329776639.6	300904221504.8	8680472168.5	7094413000.0	13150166755.3	65108544250.0	3514350000.0	23141587717.8	370885026074.0	1057845500.0	4521424807.2	702682019.0	8773451738.9	10022840634.9	8957467706.5	669316239316.2	7872333215.0	26094622563.6	4838551099.7	915257323.4	5337833248.0	17430933517.3	1023196003074.6	924318490.8	1270080250.7	4414929220.0	99210392857.6	1955347004963.3	117074863821.9	368143118.7	10297483481.2	18529767934.5	16554441846.5	41574530815.5	38203000000.0	17422375000.0	119162172468.3	4648628921.4	251373036671.1	666072101.8	22039232610.0	36591661000.0	78845185293.5	15798300000.0	1109054005.4	12059201242.2	10131187261.4	2727507212.9	196768065557.5	2124112242364.0	7756293575.0	578785279.4	5125273880.7	2819245095604.7	8881368538.1	240521260988.3	599118592.6	3857000000.0	23965275995.7	3666349049.4	531109356.2	785918769.6	3537721020.4	8772194250.3	104066609517.9	13703315349.3	699688852930.4	273460989078.4	190043433964.8	36627901762.1	193870345294.3	135445033199.5	1798314750434.6	10150978154.5	4815148854362.1	11411390409.0	43151647002.6	16095337093.8	102367039.3	59440108585.0	2211535311.6	2366398119.9	14373269155.7	20955223880.6	1511236655.5	474700000.0	33122307692.3	22649930576.3	34685281847.5	5682719260.1	4363934494.4	3476094498.9	124749736842.1	1226829564.8	5444474268.4	6062780269.1	1833444740.4	6385695187.0	770267585947.2	240097000.0	2598231467.4	1992066808.1	2073255525.2	59626020162.4	6831808930.4	10567354056.4	6606858786.0	7273938314.7	650532654581.6	103905882352.9	5795568204.6	3052898739.5	87845420504.5	264357494659.4	24763589076.7	97977766197.7	15013381700.0	3927157867.0	8033877360.4	66768703497.6	91371239764.9	255102252843.4	189187437298.2	80322313000.0	31734065934.1	76216441462.1	591016690742.8	2089188828.8	521975111.1	512000000.0	420320176.4	1877328035.8	105360801.9	258742133333.3	8031344381.1	24861483280.6	839319927.3	1431208677.3	114188557567.2	57240535137.8	34470227453.9	375111894.9	5352000000.0	764880644710.6	1069555500372.5	20662525941.3	21457470202.8	1484092538.4	2770082791.5	381705425301.7	394163688620.8	25086930693.1	2076148695.5	12825801580.9	172895476152.6	442875783.7	1937074572.1	229358214.8	13280275123.0	31183139301.5	404786740091.2	6838351088.5	7940362799.2	64883060725.7	147824370319.9	2398555474185.3	12274928000000.0	3799000000.0	13686329890.1	12030023547.9	364996869.1	112453382329.6	45427854693.3	13873500887.6	6221077674.8
2005	6275073571.5	8158548716.7	103198228458.6	3255789081.0	28233712830.9	1022191294.1	198737095012.3	4900469950.1	693764095624.7	315974418604.7	13245716099.0	7706222000.0	15968726861.7	69442943089.4	3897300000.0	30210091836.8	387365750528.5	1114222550.0	4803702821.1	818869145.1	9549077869.1	11225138297.2	9931134940.5	891629970423.9	9531402847.9	29821662537.3	5462709498.5	1117257279.5	6293046161.8	17944084201.5	1169357979864.7	971977088.2	1350301057.1	6646663561.3	122964812046.1	2285965892360.5	146566266310.6	380372892.6	11964484667.9	19952156474.8	17084928927.5	45416358502.0	42643836074.8	18703146374.8	136280689891.2	6087003176.1	264467308109.2	708633194.7	34004033803.9	41507085000.0	89685725230.3	17093800000.0	1098425900.7	14006088297.5	12401139454.0	3006725014.8	204436015421.0	2203678646934.5	9578973591.0	624174724.4	6410941012.6	2861410272354.2	10731634116.7	247783001865.4	695370296.3	4197000000.0	27211377225.3	2937071767.3	586791883.7	824880550.3	4310356252.8	9672035709.4	113035361316.7	16691213479.5	808901077222.1	304371850794.8	226452138291.5	49954890353.3	211650759109.6	142462925574.3	1852661982340.5	11204416000.0	4755410630912.1	12588665303.2	57123671733.9	18737897744.8	112133944.3	80797945205.5	2460248026.2	2735558726.3	16922504044.8	21287562189.1	1682350934.9	550000000.0	47334148578.4	26125575942.3	37347394602.7	6258600713.8	5039293030.8	3655909664.1	143534102611.5	1163362434.3	6245031690.1	6394851386.6	2184444849.0	6283803256.0	866345821213.3	250149400.0	2988338439.3	2523471532.0	2257174480.8	62343022650.9	7723846194.9	11986972418.5	7261333794.6	8130258041.5	678533764457.2	114719425473.5	6321335612.2	3405134831.9	112248353104.9	308722079937.9	31081924577.4	109502102510.9	16374393900.0	4865892972.3	8734653809.5	76060606060.6	103071585462.6	306134635593.7	197304513120.3	83914521340.5	44530494505.5	99697566667.8	764017107992.4	2581465863.9	550728666.7	503000000.0	462649043.0	1958711603.0	126194166.2	328459608764.1	8707015771.0	26252007830.5	919103254.5	1627854494.8	127417688055.8	62697540107.0	36346974008.2	413909879.3	5352000000.0	898137194716.2	1157276458152.0	24406252456.5	26524538565.7	1793754804.7	3178126491.9	389042298376.8	408689353999.4	28858965517.2	2312319579.0	16929976600.1	189318499954.0	466635214.1	2115154262.0	262176133.7	15982282462.4	32273007553.6	501416301726.7	8104355716.9	9013834373.4	86142018069.4	180617018379.9	2520701818181.8	13093726000000.0	4439000000.0	17362857683.9	14307509838.8	394962552.3	145510008134.8	57633255618.3	16753769531.7	8331870169.1
2006	7057598406.6	8992642348.8	117027304746.5	3543256805.9	41789478661.3	1157005441.5	232557260817.3	6384451606.1	747572626534.9	335998557270.1	20983019923.9	7965588000.0	18505053191.5	71819083683.7	4246600000.0	36961821893.7	409813197842.2	1217467600.0	5142380779.4	897731524.9	11451869164.7	12866524918.2	10126940513.3	1107640325472.4	11470703002.1	34304448149.8	5844669845.5	1273180597.0	7274595706.7	19356046327.9	1315415197461.2	1107891063.4	1460562038.4	7422102656.0	154788024805.8	2752131773355.2	162590145580.0	406111873.5	14296507096.4	22600431878.0	17800887796.5	50453577898.5	52742800000.0	20403713461.3	155463807112.9	7731261310.9	282884912894.3	768873684.0	35952845582.5	46802044000.0	107484034871.0	18550700000.0	1211161879.7	16963625015.7	15280861834.6	3102741451.0	216552502822.7	2325011918203.5	10318424464.3	655068695.8	7745406200.9	3002446368084.3	20409257610.5	273317737046.8	698700655.9	4213000000.0	30231249362.1	4220053411.0	591829908.4	1458449453.2	4756204069.6	10841742347.8	115295199391.6	17043245939.0	920316529729.6	388167833438.8	266298911661.1	65140293687.5	232085533684.6	153966916311.3	1942633797516.0	11905525197.3	4530377224970.4	15056929760.2	81003884545.4	25825524820.8	108545632.5	101550654720.9	2834168889.4	3452882514.0	21447021570.1	21796351575.5	1800105589.6	604028900.0	54961936662.6	30216060233.4	42414308116.9	6861222332.0	5515884348.5	3997852636.2	162690965596.2	1575200390.9	6899799785.8	6757119558.4	3040716679.1	7028803365.7	965281191371.8	253372300.0	3408272498.1	3414055566.1	2696020574.6	68640825480.9	8312078525.1	14502553709.8	7978734401.5	9043715355.9	726649102998.4	111606899682.3	6763671610.7	3646728060.1	145429764861.2	345424664369.4	37215864759.4	137264061106.0	18141666300.0	8306343442.3	10646157920.3	88643193061.7	122210719245.9	344826430298.1	208566948939.9	87276164364.6	60882142857.1	123533036667.9	989930542278.7	3152016556.5	610930037.0	496000000.0	508503671.3	2092585622.9	134441116.9	376900133511.3	9358710935.4	30607991862.5	1016418229.3	1885112201.9	147797218201.3	70596729394.1	39587732028.6	456705434.0	5352000000.0	1011797457138.5	1264551499184.5	28279814924.6	35822408611.6	2626380435.2	3291353835.9	420032121655.7	430921192375.2	33332844574.8	2830236053.8	18610460326.5	221758486880.3	440024652.0	2202809251.3	294137737.1	18369070085.4	34378437265.2	552486912845.6	10277598152.4	9942597780.0	107753069306.9	222116541865.2	2692612695492.2	13855888000000.0	4504000000.0	19579457966.1	17330833852.9	439376794.1	183477522123.9	66371664817.0	19081722875.3	12756858899.3
2007	9843842455.5	10701011896.8	134977087734.0	4016972351.5	60448921272.2	1311401318.9	287530508430.6	9206301700.4	853764622752.6	388691445387.4	33050343782.8	8318996000.0	21730000000.0	79611888213.1	4523750000.0	45275747860.6	471821105940.3	1290573400.0	5969535131.6	1196091805.0	13120159975.5	15776422673.2	10939053367.2	1397084381901.3	12247694247.2	44765733380.0	6771277871.0	1356078278.2	8639235842.2	22365265025.7	1464977190205.8	1513934037.2	1698125617.9	8638711442.8	173605968179.3	3552182311653.0	207416490983.0	462453582.9	16364029327.3	26743874286.9	20343635319.6	60093155532.8	58603900000.0	24077470572.1	189227050759.6	8394688284.1	319423370134.3	847918929.1	44169678153.2	51007777000.0	130478960092.5	20104900000.0	1317974491.1	22237061730.1	19707616772.8	3405050611.7	255384615384.6	2663112510265.5	12438956756.4	798870875.7	10172869679.7	3439953462907.2	24758819717.7	318497936901.2	758683598.5	4375000000.0	34113107085.6	6281695536.1	695606288.6	1740334781.8	5885321655.9	12275501784.3	139850794387.3	21295012099.0	1201111768409.4	460192550124.3	349881601458.6	88840050497.1	269917518478.0	178706717752.7	2203053380782.9	12824094989.9	4515264514430.6	17110587447.1	104849886825.6	31958195182.2	130754915.9	114641097818.4	3802566170.8	4222962987.5	30901399261.4	24577114427.9	1820811281.1	739027200.0	67516236337.7	39738180076.6	50888134410.1	8336478142.1	7342923489.1	4432192843.6	193547824063.3	1868383459.8	8145694631.9	7880509170.5	3356757497.1	8150138757.2	1043471321169.1	256548100.0	4401154128.1	4234999823.3	3668857103.8	79041294874.5	9366742309.5	20182477480.6	8740865600.2	10325618017.4	839419655078.0	137314617476.3	7423377429.1	4291363390.9	166451213395.6	401082621082.6	42085305591.7	152385716311.9	20958000000.0	9545071325.0	13794910633.9	102170981144.1	149359920005.9	429249647594.6	240169336162.1	89524131617.2	79712087912.1	171536685395.6	1299705247685.8	3824811913.2	651833333.3	520000000.0	550970655.5	2488365726.8	145827429.6	415964509673.1	11284603070.6	40289556656.1	1033561654.1	2158496872.9	179981288567.4	86304245825.3	48114688201.5	516074229.0	5352000000.0	1122679154632.4	1479341637010.7	32350248410.8	45898948564.1	2936612021.9	3469363996.4	487816328342.3	479913034321.9	40405006007.2	3719497371.1	21501741757.5	262942650543.8	531260864.9	2523462557.4	300143056.9	21642304045.5	38908069299.2	675770112825.2	12664165103.2	12292813603.2	142719009901.0	257916133424.1	3074359743897.6	14477635000000.0	4803000000.0	23410572621.5	22311393927.9	526428309.9	230364012575.7	77414425532.2	21656517484.3	14056957976.3
2008	10190529882.5	12881352687.8	171000691877.7	4007353156.6	84178032716.1	1368431037.0	361558037110.4	11662040713.9	1055334825425.3	430294287388.3	48852482960.1	8247000000.0	25710877659.6	91631278239.3	4607300000.0	60763483146.1	518625897173.0	1368625150.0	7132787396.7	1258332337.3	16674324634.2	19112739664.5	10945070441.9	1695824517395.6	14393099068.6	54409138498.4	8369637065.4	1611634331.6	10351914093.2	26409781215.2	1549131208997.2	1789333748.7	1985239276.6	10351932604.4	179638496278.6	4598206091384.0	243982436734.2	523134897.0	19206060270.3	30612932802.9	24224903099.6	70481451814.3	60806300000.0	27839460963.8	235718586901.1	11859013281.0	353361056079.7	999105339.3	48288967303.5	61762635000.0	162818181818.2	21430950000.0	1380188800.0	24194039255.9	27066912635.2	3523185919.6	283742493042.3	2923465651091.3	15508574820.4	965769127.1	12795044472.8	3752365607148.1	28526891010.5	354460802548.7	825977888.9	4621000000.0	39136893345.2	6963961726.2	864136713.0	1922598121.2	6548530572.4	13789715132.5	157998423131.7	17640375722.4	1186952757635.9	543253873101.8	406070949553.9	131613661510.5	275020018163.2	215840354626.5	2390729163615.1	13678606692.3	5037908465114.5	21972004086.2	133441612246.8	35895153327.8	139125482.3	147395833333.3	5139957784.9	5443915120.5	35596016664.2	29227350570.0	1870722800.6	850040500.0	87140405361.2	47850551148.8	55849686538.7	9909548410.8	9413002921.0	5320925102.3	230813597937.5	2271646188.1	9750822511.5	8977149553.2	3978425880.7	9990370016.3	1101275278668.8	262868600.0	6054806100.8	5623216448.9	4545674527.6	92507257783.6	11494837053.4	31862554101.9	8486721916.9	12545438605.4	936228211513.1	133279679482.7	8496965842.3	5403363917.3	208064753766.5	462554432624.1	60905331599.5	170077814106.3	24522200000.0	11670678863.7	18504130753.0	120550599815.4	174195135053.1	533815789473.7	262007590449.7	93639316000.0	115270054945.1	208181626900.6	1660844408499.6	4860576609.2	695428851.9	563000000.0	644132488.9	2752307016.3	188021168.8	519796800000.0	13439023281.5	49259526052.7	967199594.0	2505458705.0	192225881687.8	100324627215.5	55589849128.5	608293860.3	5352000000.0	1002219052967.5	1635015380108.4	40713812309.7	54526580231.6	3532969034.6	3294093485.2	513965650650.1	554363487120.3	40405006007.2	5161336170.5	27368386358.1	291383081231.8	659561789.4	3163416242.1	349484427.6	27870257894.2	44856586316.0	764335657318.5	19271523178.8	14239026629.6	179992405832.3	315474615738.6	2890564338235.3	14718582000000.0	4250000000.0	30366213095.4	29549438883.8	607958616.1	315953388510.7	99130304099.1	26910851361.8	17910858637.9
2009	12486943505.7	12044212903.8	137211039898.2	3660530703.0	75492384801.4	1224253000.0	332976484577.6	8647936748.0	927168310999.9	400172297860.5	44291490420.5	7820000000.0	22938218085.1	102477791472.4	4434050000.0	49209523809.5	484552792442.3	1336957250.0	7097198711.6	1264758198.0	17339992165.2	17613836210.0	10267133177.7	1667019605881.8	10732366286.3	51884481410.4	8369175126.3	1739781488.7	10401851850.6	26017925551.8	1371153004986.4	1711817181.5	1981728140.8	9253484108.5	172389498444.6	5109953609257.3	233821670220.3	524157261.0	19206060270.3	30562361123.0	24277493862.1	62703095750.5	62080000000.0	25942622950.8	206179982164.4	9593537550.8	321241396034.2	1049110684.7	48376555305.7	62519686000.0	188982374700.8	20661030000.0	1856695551.2	19652492636.8	32437389116.0	2870624635.7	251499027507.6	2693827452070.0	12065138272.8	900628061.6	10766809099.1	3418005001389.3	25977847813.7	330000252153.4	771278111.1	4781000000.0	37733994976.4	6716817571.5	825828703.6	2061323853.9	6584649419.3	14587496229.2	130593960612.2	12887072301.2	1323940295874.9	574505139225.4	414059094949.1	111660855042.7	236311338427.3	207419370241.3	2185160183384.3	12038829246.2	5231382674593.7	23820230000.0	115308661142.9	37021512048.8	130465372.0	105899930507.3	4690062255.1	5832915387.1	26169854045.0	35477118070.2	1865963015.0	1155147400.0	63028320702.0	37440673477.9	51370543206.4	9401731495.7	8550363974.8	6190991712.1	202257586267.6	2345294878.7	10181021770.4	8528202278.4	3670515288.0	9128843109.2	894948748436.7	279966700.0	5439422031.4	4583850367.9	4159330369.5	92897320375.8	10911698208.1	36906181380.8	8876191120.8	12854985464.1	857932759099.8	121337372727.8	8298695144.9	5397121856.4	169481317540.4	386622457580.0	48388296488.9	168152775283.0	26593500000.0	11619541940.4	15929902138.1	120822986521.5	168334599538.2	440346575957.9	243745748819.1	96385638000.0	97798351648.4	167422949529.4	1222643696991.9	5379378135.4	674922481.5	678000000.0	560959527.8	2363156432.3	187821029.0	429097866666.7	12814961485.1	42616653299.9	847397850.1	2489985963.2	192408387762.1	88945625173.7	50244793831.6	597765363.1	5352000000.0	901934953364.7	1499099749930.5	42066217871.5	53150209167.9	3875409836.1	3580417066.9	429657033107.7	541506500413.6	40405006007.2	4979481980.4	28573777052.5	281710095724.8	785961959.4	3163000528.8	318166562.8	19175196445.8	43454935940.2	644639902580.6	20214385964.9	18168902153.9	117227769791.6	253547358747.4	2382825985356.0	14418739000000.0	4203000000.0	31660911290.3	33689223673.3	610066628.7	329787628928.5	106014659770.2	25130274124.3	15328342304.0
2010	15936800636.2	11926953258.9	161207268655.4	3355695364.2	82470913120.7	1152469074.1	423627422092.5	9260284937.8	1142876772659.2	391892746544.7	52902703376.1	7910000000.0	25713271276.6	115279077465.2	4461650000.0	57222490768.7	483548031197.1	1397113450.0	6970240895.5	1585472534.1	19649631308.2	17176781336.8	12786654365.9	2208871646202.8	13707370737.1	50610031135.8	8979966766.1	2026864469.4	11242275199.0	26143818509.6	1613464422811.1	1664310769.6	1986014845.6	10657705536.5	218537551220.1	6100620488867.6	287018179193.9	530493353.2	20523285374.2	37268635287.1	24884505034.6	59665427464.5	64328000000.0	25562251655.6	207477857918.9	12007880438.6	321995350346.5	1128611700.4	53954579003.5	69555367000.0	218888324504.8	21418330000.0	2117039512.2	19490936349.2	29933790334.3	3140508835.9	247799815768.5	2646837111794.8	14358585195.8	951804226.9	11638536834.4	3417094562649.0	32174772956.0	299361576558.2	771015888.9	4895000000.0	41338595380.8	6861546075.8	850633309.8	2273225042.0	6622541528.6	15839344592.0	130922638689.1	13254818331.2	1656617073124.2	755094160363.1	487069570463.8	138516722649.6	221951353966.9	233609522091.5	2125058244242.9	13191645685.5	5700098114744.4	26425379436.6	148047348240.6	39999659233.8	153275912.7	115419050942.1	4794357795.1	7127792629.6	23757368290.1	38419626628.2	2385950663.8	1292697100.0	74773444900.5	37120517693.9	53212476812.3	9407168702.4	8729936135.7	6959697194.0	255016609232.9	2588176058.4	10678749467.5	8741059602.6	4343665075.4	10003670690.3	1051128603513.8	296525300.0	5811604052.0	7189481824.1	4139192053.0	93216746661.6	10154238250.2	49540813342.5	11282192605.0	16002656434.5	836389937229.2	146580949348.9	8758622328.7	5718589799.2	369062464570.4	429130952709.2	58641621846.6	177406854514.9	28917200000.0	14250726289.9	20030528042.9	147528937028.8	199590775190.3	479257883741.8	238303443425.2	98381268000.0	125122306346.2	167998080493.4	1524916112078.9	5774003744.3	681225963.0	576000000.0	643046733.4	2139072847.7	197454053.1	528207200000.0	12948906288.6	39460357730.5	969936525.3	2616610911.1	236421782178.2	89501012915.7	48013606745.5	671585343.2	5352000000.0	1094499338702.7	1431616749640.3	56725745039.3	65634109236.8	4368398047.6	4438778424.3	488377689564.9	583782977866.4	40405006007.2	5642178579.6	31407908612.1	341105009515.3	894400000.0	3172945644.6	369485198.8	22157948396.2	44050929160.3	771876791231.8	22583157894.7	20186496527.1	136013155905.0	289880430197.4	2441173394729.6	14964372000000.0	4339000000.0	40284481661.9	39332770928.9	700804286.2	393190682070.5	115931749697.2	30906749533.2	20265556273.6
2011	17930239399.8	12890867538.5	200019057307.7	3442062830.1	104115923082.7	1142042925.9	530163281574.7	10142111334.5	1390557034408.0	431120310088.8	65951627200.2	7890000000.0	28776595744.7	128637938711.4	4660900000.0	61757788944.7	527008453886.9	1486712300.0	7814081155.6	1820207625.8	23963033443.9	18644723861.0	15682926896.0	2616201578192.3	18525319977.7	57418391041.6	10724063457.8	2355652125.9	12829541141.0	29337006833.1	1788647906047.8	1864824080.7	2212699746.8	12156380425.1	252251992029.4	7572553836875.3	335415162155.6	586281766.8	23849009737.7	42262697840.4	25381616734.1	62236751773.0	68990000000.0	27427161523.5	227948349666.4	14425607179.7	344003209695.6	1239144501.8	57746684847.1	79276664000.0	236001858960.0	23139040000.0	2607739837.4	23170239900.8	31952763089.3	3774530615.7	273674236772.8	2862680142625.1	18186479172.8	898283477.5	14434619982.2	3757698281117.6	39566292432.9	287797822093.2	778648666.7	4928000000.0	47654841112.9	6785188889.1	1099385895.1	2576024115.6	7516834160.3	17710315006.0	140782064609.2	14674650434.7	1823049927771.5	892969107923.1	583500357530.4	185749664444.4	239018540057.0	261628548084.2	2276292404600.5	14439910353.1	6157459594823.7	28840263380.3	192626507971.6	41953433591.4	177142135.1	154027536231.9	6197766118.6	8261299199.7	28223552824.8	40075674163.3	2788022889.1	1545400000.0	34699395523.6	43476878139.3	60004630234.4	10494632699.4	9892702357.6	8003300198.3	297951960784.3	2774351757.8	12978107560.6	9504797627.4	5179690135.8	11518393367.2	1171187519660.6	310502100.0	7015206498.2	10409797649.3	4538198498.7	101370474295.1	13131168011.8	59977326086.0	12409629835.7	18913574370.8	893757287201.7	168461998741.3	9774316692.2	6409169889.5	411743801711.6	498831558925.9	67937307412.2	213587413184.0	34373820500.0	17984816533.1	25099681460.9	171761737046.6	224143083706.8	528725113045.8	244895101712.5	100351670000.0	167775274725.3	185362855081.0	2051661732059.8	6491683831.5	676129407.4	574000000.0	739785121.9	2054489852.7	233213522.6	671238840106.7	14390776644.0	46466728666.6	1065826669.9	2942546781.0	275599459373.5	98181259740.1	51290792018.1	886498370.7	5352000000.0	1202463682633.9	1488067258325.2	65292741296.5	67327289319.7	4422276621.8	4820499924.3	563109663291.2	699579638638.2	40405006007.2	6522732202.5	33878631649.4	370818747396.8	1053500000.0	3756023160.0	423011844.3	25433011405.3	45810626509.4	832546270783.8	29233333333.3	20176751242.1	163159671670.3	350908390034.0	2619700404733.4	15517926000000.0	4239000000.0	47962439293.4	45915191189.3	792149700.7	316482190800.4	135539438559.7	32726417878.4	23460098339.7
2012	20536542736.7	12319784787.3	209058991952.1	3164615186.9	115398371427.7	1211411703.7	545982375701.1	10619320048.6	1538194473087.2	409425234155.3	69684317718.9	10720500000.0	30749308510.6	133355749482.5	4656350000.0	65685102554.9	497884216568.9	1573618750.0	8152554487.3	1823692109.6	27084497539.8	17226849297.1	14686278707.5	2465188674415.0	19048495518.6	53903028252.3	11166063466.6	2472384907.0	14038383450.2	29104437355.0	1824288757447.6	1751888561.7	2184183758.3	12368071038.7	267122320056.7	8560547314679.3	369659697842.9	570865941.2	27463220380.0	46473128285.6	27040562587.2	56485301967.4	73141000000.0	25041372221.5	207376427020.8	13677930123.6	327148899962.1	1353632941.5	60613645121.4	87924544000.0	279372758361.8	23813600000.0	2607739837.4	23043864510.1	43310721414.1	3972012570.5	256706466091.1	2681416108537.4	17171446922.2	910026287.3	15846474595.8	3543983909148.0	41939728978.7	245670666639.0	799882148.1	5199000000.0	50388454861.1	7387103675.3	989875559.1	2861562265.9	7890216507.7	18528506894.1	127856647107.8	14218575093.0	1827637859135.7	917869910105.7	598853401276.1	218000986222.6	225571857948.3	257296579579.3	2072823157059.8	14800165406.8	6203213121334.1	30937277605.6	207998568865.8	50412754822.0	188045661.6	174070025008.9	6605139933.4	10191350119.7	28119996053.3	43868565281.7	2678494689.4	1735500000.0	34699395523.6	42847900765.8	56677961787.1	9745251126.0	9919780071.3	6028470988.5	314443149443.1	2886170570.5	12442747897.2	9203729739.4	5225533499.8	11668685524.1	1186598324461.8	326128700.0	7284686576.3	12292770631.2	4087724527.8	98266306615.4	14534278446.3	59937797559.3	13016272898.9	18851513891.1	828946812396.8	176192886551.4	10532001129.7	6942209594.6	460953836444.4	510229136226.9	76689583355.0	224383620829.6	39954761200.0	21295834133.2	24595319573.8	192648999090.1	250092093547.5	500284003684.4	216368178659.4	101080738000.0	186833516483.5	171664638717.5	2210256976945.4	7315702176.4	692933740.7	644000000.0	801168622.3	1800077091.1	252560557.1	735974843360.0	14225310518.8	40742313861.1	1134267367.2	3801862611.4	289162118908.5	93413992955.9	46352802765.6	1025125081.6	5352000000.0	1222807284485.3	1336018949805.6	68434399083.4	68125631150.3	4980000000.0	4823831656.5	543880647757.4	668043614122.9	40405006007.2	7633049792.1	39087748240.4	397559992407.5	1188900000.0	3866617462.6	472358251.2	25694164489.2	45044112939.4	873981786532.1	35164210526.3	23132149257.0	175781379051.4	374817974104.8	2662085168498.9	16155255000000.0	4095000000.0	51264390121.4	51821573338.1	781702874.1	381286237847.7	155820001920.5	35393148127.3	25503370699.2
2013	20046334304.0	12776277515.5	209755003250.7	3281585236.3	124912063308.2	1192925407.4	552025140252.2	11121465767.4	1567178619062.3	430068712971.9	74164435946.5	10677200000.0	32539547872.3	149990451022.3	4612500000.0	75527984234.2	520925468952.9	1613705850.0	9156748441.4	1798333725.8	30659338929.1	18178503835.4	14915780538.7	2472806919901.7	18093829923.3	55758744571.1	11947176342.0	2714505634.5	15449630418.5	32348149947.4	1842628005830.2	1850951315.5	1518565219.0	12949854262.8	278384332694.3	9607224481532.7	380191876348.9	618663921.9	30014813755.8	49745088111.7	31273049200.2	57769872074.9	77148000000.0	24084572490.7	209402444996.1	14085851348.1	343584385594.1	1455000000.0	61965942056.7	95129659000.0	288586231501.9	24350930000.0	2607739837.4	25137153149.4	47648211133.2	4190143206.3	269980111642.9	2808511203185.4	17590745688.6	898957682.7	16140047012.1	3752513503278.4	47805069494.9	239862011450.1	842620111.1	5337000000.0	53851058955.3	8376667793.3	1046117071.0	2987684170.2	8452509315.9	18496438641.5	135215704419.0	15479256844.9	1856722121394.5	912524136718.0	467414852231.3	234648370497.4	239389337002.8	292489185194.4	2130491320658.7	14274983015.9	5155717056270.8	33593843662.0	236634552078.1	55097343447.6	187153601.1	174161495063.5	7335027591.9	11942230508.3	30314363218.7	46014226807.6	2526009072.9	1946500000.0	34699395523.6	46473646001.6	61739352212.3	10817712138.9	10601690871.8	5518901971.4	323277158907.0	3295011380.8	13246412031.4	10145944323.7	5724227185.2	12129642296.4	1261981728468.5	316040600.0	7985349731.5	12582122604.2	4464260488.6	106825649872.1	16018848990.7	60269734044.5	12717790500.6	19271168018.5	866680000367.3	190521142196.4	10982972256.4	7667951987.7	514966287206.5	523502127659.6	78938585175.6	231218567179.0	44856189500.0	21261305413.2	28965906502.2	201217661645.5	271836123723.7	524201151607.2	226073492966.5	103134778000.0	198727747252.7	191549024910.6	2297128039058.2	7622526429.1	721207148.1	641000000.0	804808525.5	1865374402.5	302925489.7	746647127413.3	14851057084.8	45519650911.4	1411061260.7	4920343195.0	302510668904.3	98478349315.3	48116256926.1	1059695156.2	5352000000.0	1305604981271.9	1361854206549.4	74317806754.5	72065940085.8	5145757575.8	4560713073.9	578742001487.6	688504173431.5	40405006007.2	8506674782.8	44333456244.7	420528737876.7	1410000000.0	4080929201.3	450686353.7	26436159314.6	46251061734.5	950595270314.3	39197543859.6	24599553471.9	183310146378.1	390427289203.5	2739818680930.2	16691517000000.0	3764000000.0	57531233350.9	57690453460.6	801787555.9	371006299120.2	171222025117.4	40415233436.2	28045460442.2
2014	20050189881.7	13228244357.2	213810022462.4	3350736367.3	126776874216.7	1280133333.3	526319673731.6	11609512939.8	1459597906912.7	441885415805.8	75244166772.9	10843800000.0	33387712766.0	172885454931.5	4608350000.0	78813839984.4	531075861047.3	1706497950.0	9707432015.6	1944782820.9	32996187988.4	18558343508.3	16259445052.6	2455993200170.0	17098342541.4	56732006512.0	12377391462.6	3093647226.8	16777820332.7	34942948737.4	1792883225804.4	1858121723.2	1702898939.6	13922223233.5	260990299051.1	10482372109961.9	378195707612.4	647720707.1	34028119332.6	50656002895.9	35372603446.3	57080369367.8	80656100000.0	23359294148.9	207818330723.8	14177437982.3	352993633221.3	1588000000.0	65231032303.2	101726331000.0	305529656458.4	25054230000.0	2607739837.4	26224622450.8	55612228233.5	4469573275.4	272609288689.6	2849305322684.8	18179717776.2	833240810.2	16509305827.7	3890606893346.7	38616536131.6	237029579260.7	911481481.5	5531000000.0	58722323918.2	8791353804.8	1055186196.3	3077643313.7	8776360623.3	19756494434.7	140118140454.7	17178962757.4	2035393459979.5	890814755233.2	434474616831.9	234648370497.4	258099015103.5	308416982140.4	2151732868243.2	13897723431.4	4848733415523.5	35826925774.6	221415572819.5	61445345999.1	178869341.2	162631763879.1	7468096566.7	13268458231.9	31419072947.9	47833413749.1	2614566292.3	2013000000.0	34699395523.6	48545251795.6	66327344188.9	11362272837.9	10673516672.7	6054750320.3	338061963396.4	3697351594.2	14388360064.1	11217780149.3	5391475277.2	12803445933.6	1298461494903.1	317999400.0	7983271110.6	12226514722.1	4587928884.2	110081248587.4	16961127045.8	65446402659.2	12786078003.6	20002968837.9	879635084125.0	200696291790.0	11880438824.4	8229730066.6	568498937588.0	499338534779.2	81034395058.5	244360888750.8	49165773100.0	23003575201.1	30881166852.3	201049665375.1	284584522898.9	545075908846.0	229629822121.6	103134778000	206224725274.7	199493490982.9	2063662665171.9	8016288347.0	727230734.8	643000000.0	803589511.8	1845561894.7	348899846.1	756350347333.3	15304363138.2	44210806365.7	1422530791.6	5015180976.6	308142766948.1	100948236941.2	49904928335.3	1156563122.9	5647000000.0	1411333926201.2	1376910811040.9	79356456990.3	82151588418.8	5240606060.6	4377293816.3	573817719109.4	709182559935.3	40405006007.2	9236309138.0	48197218326.8	406521561093.4	1450600000.0	4482880424.3	443911052.3	26175952941.9	47587913058.8	934167809301.7	43524210526.3	27295207927.6	133503411375.7	403197682886.3	3022827781881.4	17393103000000.0	3624000000.0	57236013077.5	63067077178.5	814954307.0	482359318767.7	186204652922.3	43228583935.0	27150630607.2
2015	19215562179.0	11335264966.6	165874330876.3	2811489408.9	102962245246.7	1364863037.0	584711485367.3	10553337673.0	1345383143356.4	382065930308.0	53074370486.0	11240000000.0	31125851063.8	195078665827.6	4584150000.0	56454734396.6	455200045095.6	1742545900.0	8290986804.5	2059258652.9	33000198263.4	16209702863.6	14430573505.4	1803652649613.8	12930394937.8	50199117547.0	10419303761.4	3066681386.7	18049954289.4	30916218544.4	1552807652015.4	1574288667.7	1583776760.0	10888798113.8	242517905161.7	11064666282625.5	291519596338.7	565689764.6	36188521106.9	54840103850.3	33145096414.1	48921877447.8	87132800000.0	19676167239.7	186829940545.8	8553154580.4	301298464861.4	1727000000.0	68102618092.1	99290381000.0	332698041030.8	26052340000.0	2607739837.4	22566956982.2	64464547915.3	4391113415.3	232439324529.6	2433562015516.2	14262032470.9	907652509.6	13993546732.5	3375611100742.2	37543361203.6	195541761243.1	997007925.9	5697000000.0	63767597193.9	8767143622.8	1036130506.5	3197225181.6	8724656126.5	20844284855.0	122879042001.9	16783714958.4	2089865410867.8	861256351277.4	385874474398.6	179640210726.4	290617006704.0	299096404728.8	1832347450961.5	14186886642.7	4383076298081.9	37517410281.7	184388432148.7	63767539356.6	169140538.7	114567298105.7	6678178340.5	14390395149.8	27009231911.4	49459296463.3	2505886024.7	2034000000.0	34699395523.6	41402022148.2	57784495265.4	10051659161.2	9744243420.5	6373201160.0	296434003328.6	4006531188.3	13100058099.8	10285547954.1	4844223107.0	11692287066.4	1152263780657.9	315179700.0	6512899540.3	11749620619.6	4052913385.8	101187079462.9	14798439527.3	59687373958.3	11571141027.0	21410840908.5	757999453314.3	175562976175.3	12747741539.7	7217666360.7	481066152889.1	386663139402.7	69831770871.3	270556126820.1	52132289700.0	21060901603.8	27282581335.8	189212096470.3	292774099013.7	477279647754.7	199420256049.7	103134778000	164641483516.5	177911101680.1	1365864126832.8	8261034257.6	755205755.9	659000000.0	803985809.2	1569258068.1	315880811.1	651757333333.3	13640668374.2	37160332465.2	1437722206.4	4251869869.5	296840704102.4	87501423882.5	43072415017.4	1129164718.8	5925000000.0	1382764027113.8	1197789902774.4	80611989527.2	97156119150.0	4826587057.7	4020275298.0	497918109302.4	679289166858.2	40405006007.2	7853450374.0	45628320606.0	399234547137.5	1606500000.0	4087628276.0	435438217.3	23559224762.4	43156708809.1	859794177118.1	35799628571.4	27059447774.7	91030959454.7	357949199754.9	2885570309160.9	18120714000000.0	3765000000.0	53274304214.8	66903804142.5	742432131.0	482359318767.7	193241108709.5	37733919936.2	21154394545.9
