year	Afghanistan	Albania	Algeria	Angola	Antigua and Barbuda	Argentina	Armenia	Australia	Austria	Azerbaijan	Bahamas	Bahrain	Bangladesh	Barbados	Belarus	Belgium	Belize	Benin	Bhutan	Bolivia	Bosnia and Herzegovina	Botswana	Brazil	Brunei	Bulgaria	Burkina Faso	Burundi	Cambodia	Cameroon	Canada	Cape Verde	Central African Republic	Chad	Chile	China	Colombia	Comoros	Congo	Costa Rica	CÃ´te d'Ivoire	Croatia	Cuba	Cyprus	Czech Republic	Democratic Republic of Congo	Denmark	Djibouti	Dominican Republic	Ecuador	Egypt	El Salvador	Eritrea	Estonia	Ethiopia	Fiji	Finland	France	Gabon	Gambia	Georgia	Germany	Ghana	Greece	Grenada	Guam	Guatemala	Guinea	Guinea-Bissau	Guyana	Haiti	Honduras	Hungary	Iceland	India	Indonesia	Iran	Iraq	Ireland	Israel	Italy	Jamaica	Japan	Jordan	Kazakhstan	Kenya	Kiribati	Kuwait	Kyrgyzstan	Laos	Latvia	Lebanon	Lesotho	Liberia	Libya	Lithuania	Luxembourg	Macedonia	Madagascar	Malawi	Malaysia	Maldives	Mali	Malta	Mauritania	Mauritius	Mexico	Micronesia	Moldova	Mongolia	Montenegro	Morocco	Mozambique	Myanmar	Namibia	Nepal	Netherlands	New Zealand	Nicaragua	Niger	Nigeria	North Korea	Norway	Oman	Pakistan	Panama	Papua New Guinea	Paraguay	Peru	Philippines	Poland	Portugal	Puerto Rico	Qatar	Romania	Russia	Rwanda	Saint Lucia	Saint Vincent and the Grenadines	Samoa	Sao Tome and Principe	Saudi Arabia	Senegal	Serbia	Seychelles	Sierra Leone	Singapore	Slovakia	Slovenia	Solomon Islands	Somalia	South Africa	South Korea	Spain	Sri Lanka	Sudan	Suriname	Swaziland	Sweden	Switzerland	Syria	Taiwan	Tajikistan	Tanzania	Thailand	Timor	Togo	Tonga	Trinidad and Tobago	Tunisia	Turkey	Turkmenistan	Uganda	Ukraine	United Arab Emirates	United Kingdom	United States	United States Virgin Islands	Uruguay	Uzbekistan	Vanuatu	Venezuela (Bolivarian Republic of)	Vietnam	Yemen	Zambia	Zimbabwe
1990	0.85601	0.21900	0.19700	0.84877	0.27257	0.12600	0.10101	0.00000	0.00000	0.39582	0.12915	0.01000	0.65727	0.20000	0.04900	0.00500	0.24100	0.92776		0.71600	0.04361	0.60616	0.33169		0.14700	0.92300	0.56246	0.96717	0.58332	0.00200	0.69975	0.85457	0.92182	0.15317	0.52500	0.31000	0.81101	0.07414	0.11600	0.85812	0.02700	0.18500	0.00000	0.00900	11.71966	0.00400	0.34018	0.27000	0.43000	0.27079	0.48927	0.89955	0.03000	0.97460	0.43200	0.02900	0.01300	0.68705	0.42317	0.02200	0.00800	0.93000	0.07500	0.02000	0.11400	0.53407	0.91807	0.94358	0.25077	0.82400	0.52349	0.02000	0.01200	0.83155	0.64800	0.28629	0.28949	0.10700	0.00000	0.00500	0.20489	0.00000	0.02863	0.03600	0.75259	0.72001	0.00000	0.08800	0.89164	0.16626	0.19930	0.83927	0.82607	0.03530	0.17200	0.02200	0.10397	0.91015	0.70915	0.13669	0.32000	0.85729	0.00000	0.84670	0.08900	0.33701	0.80600	0.28377	0.55468	0.10923	0.47465	0.88866	0.45007	0.75959	0.95539	0.01700		0.56100	0.97326	0.61675		0.01900	0.18200	0.76350	0.41000	0.82778	0.47700	0.47200	0.42900	0.13175	0.07200	0.00700	0.00100	0.29600	0.27300	0.66480	0.21801	0.00128	0.00039	0.00331	0.04537	0.15992	0.00800	0.00004	0.12865	0.00081	0.00195	0.00060	0.01036	0.20040	0.60705		0.00132	0.17119	0.50650	0.00285	0.01535	0.00208	0.00023	0.06756		0.02065	0.84035	0.26272	0.01951	0.11961	0.00019	0.00445	0.08159	0.33485	0.05702	0.55425	0.10500	0.00179	0.01698	0.04647	0.00014	0.00934	0.12606	0.00380	0.13521	1.60875	0.35290	0.18371	0.23682
1991	0.85601	0.21800	0.19500	0.84476	0.26421	0.12272	0.10101	0.00000	0.00000	0.38972	0.12679	0.01000	0.64529	0.19300	0.04900	0.00500	0.23400	0.92109		0.70600	0.04449	0.58461	0.32300		0.14700	0.92200	0.55811	0.96619	0.58119	0.00200	0.68359	0.85504	0.91983	0.14612	0.51400	0.30400	0.80401	0.07139	0.11300	0.85534	0.02700	0.17998	0.00000	0.00900	11.84396	0.00400	0.33588	0.26600	0.41600	0.25970	0.47946	0.89644	0.03100	0.97471	0.41200	0.02800	0.01300	0.66880	0.40861	0.02200	0.00800	0.92680	0.07200	0.02000	0.11300	0.52544	0.91303	0.92263	0.25207	0.82100	0.50888	0.02000	0.01200	0.83057	0.63700	0.28544	0.28184	0.10700	0.00000	0.00500	0.20414	0.00000	0.02758	0.03600	0.75031	0.71503	0.00000	0.08800	0.86641	0.16705	0.19572	0.82362	0.84079	0.03535	0.16800	0.02200	0.10438	0.90839	0.70370	0.13172	0.32000	0.85402	0.00000	0.84379	0.08900	0.32796	0.80599	0.28315	0.54623	0.10910	0.46067	0.88765	0.44393	0.75779	0.93838	0.01800		0.55000	0.97021	0.62072		0.01900	0.17613	0.76266	0.40104	0.82920	0.46000	0.46100	0.42199	0.13129	0.06800	0.00700	0.00100	0.29000	0.27300	0.65318	0.21299	0.00125	0.00039	0.00331	0.04688	0.16362	0.00801	0.00004	0.12927	0.00084	0.00195	0.00060	0.01036	0.20043	0.62069		0.00133	0.16698	0.52246	0.00285	0.01579	0.00210	0.00024	0.06913		0.02066	0.86593	0.25778	0.01951	0.12264	0.00020	0.00443	0.08008	0.33464	0.05703	0.57148	0.10501	0.00189	0.01704	0.04710	0.00014	0.00941	0.12880	0.00380	0.13302	1.59522	0.36289	0.18860	0.24291
1992	0.92107	0.21700	0.19300	0.84165	0.25754	0.12031	0.10101	0.00000	0.00000	0.38386	0.12440	0.01001	0.63434	0.18700	0.04900	0.00500	0.22700	0.91305		0.69600	0.04590	0.57119	0.31534		0.14600	0.91800	0.55506	0.96521	0.57891	0.00200	0.66615	0.85584	0.91784	0.13906	0.50200	0.29800	0.79805	0.06861	0.10900	0.85353	0.02700	0.17396	0.00000	0.00900	11.98388	0.00400	0.33153	0.26200	0.40300	0.24963	0.46971	0.89395	0.03100	0.97385	0.39300	0.02800	0.01300	0.65126	0.39601	0.02200	0.00800	0.92354	0.06900	0.02000	0.11300	0.51777	0.90900	0.90216	0.24916	0.81900	0.49342	0.02000	0.01200	0.82160	0.62501	0.28464	0.28284	0.10700	0.00000	0.00500	0.20349	0.00000	0.02756	0.03600	0.74803	0.70996	0.00000	0.08800	0.84225	0.16937	0.19091	0.80752	0.85628	0.03541	0.16500	0.02200	0.10498	0.90676	0.69936	0.12672	0.32100	0.84981	0.00000	0.84047	0.08900	0.31899	0.80601	0.28300	0.54000	0.10885	0.44770	0.88564	0.44297	0.75402	0.92138	0.01800		0.54000	0.96813	0.62568		0.01900	0.16929	0.76088	0.39310	0.83041	0.44300	0.45100	0.41598	0.13088	0.06500	0.00700	0.00101	0.28600	0.27300	0.63994	0.20798	0.00122	0.00040	0.00331	0.04490	0.16737	0.00806	0.00004	0.12882	0.00075	0.00195	0.00060	0.01036	0.20045	0.63519		0.00133	0.16311	0.54125	0.00285	0.01616	0.00211	0.00024	0.07115		0.02066	0.89392	0.25017	0.01951	0.12568	0.00020	0.00441	0.07844	0.32808	0.05704	0.58961	0.10503	0.00200	0.01708	0.03821	0.00014	0.00948	0.13268	0.00380	0.13135	1.57968	0.37380	0.19383	0.24894
1993	0.99445	0.21600	0.19100	0.83727	0.25193	0.11777	0.09962	0.00000	0.00000	0.37808	0.12209	0.01001	0.62339	0.18000	0.05000	0.00500	0.22100	0.90605		0.68600	0.04768	0.55988	0.30767		0.14600	0.91500	0.55126	0.95428	0.57550	0.00200	0.66206	0.85278	0.91586	0.13199	0.49100	0.29100	0.79309	0.06593	0.10600	0.85068	0.02700	0.16895	0.00000	0.00900	12.12560	0.00400	0.32704	0.25800	0.39000	0.23854	0.45802	0.89013	0.03100	0.97300	0.37400	0.02800	0.01300	0.63436	0.39602	0.02200	0.00800	0.91937	0.06600	0.02000	0.11200	0.50903	0.90397	0.88219	0.24596	0.81500	0.47917	0.02000	0.01200	0.81163	0.61302	0.28386	0.28385	0.10700	0.00000	0.00500	0.20289	0.00000	0.02647	0.03600	0.74496	0.70497	0.00000	0.08800	0.81952	0.17274	0.18571	0.79173	0.86581	0.03547	0.16100	0.02200	0.10563	0.90526	0.69515	0.12073	0.32100	0.84559	0.00000	0.83708	0.08900	0.31002	0.78698	0.28300	0.54000	0.10855	0.43473	0.88461	0.44297	0.75124	0.90338	0.01800		0.52900	0.96500	0.62965		0.01900	0.16346	0.76011	0.38517	0.83148	0.42600	0.44100	0.40897	0.13055	0.06100	0.00700	0.00102	0.28300	0.27400	0.62696	0.20296	0.00118	0.00040	0.00331	0.04264	0.17109	0.00786	0.00004	0.12798	0.00077	0.00196	0.00060	0.01036	0.20048	0.64186		0.00134	0.15836	0.56215	0.00285	0.01648	0.00212	0.00024	0.07272		0.02066	0.92161	0.24421	0.01951	0.12859	0.00021	0.00439	0.07661	0.32317	0.05705	0.60797	0.10505	0.00212	0.01713	0.03873	0.00014	0.00943	0.13658	0.00391	0.12864	1.56492	0.38466	0.19883	0.25418
1994	1.06410	0.21400	0.18700	0.82948	0.24676	0.11509	0.09727	0.00000	0.00000	0.37300	0.12000	0.01001	0.61242	0.17300	0.05000	0.00500	0.21399	0.89957		0.67700	0.04946	0.54867	0.29896		0.14600	0.91100	0.54849	0.93638	0.57290	0.00200	0.65868	0.85064	0.91387	0.12492	0.48000	0.28500	0.78813	0.06353	0.10300	0.84883	0.02700	0.16396	0.00000	0.00900	12.17346	0.00400	0.32369	0.25300	0.37700	0.22745	0.44536	0.88705	0.03100	0.97213	0.35500	0.02700	0.01300	0.61802	0.39608	0.02200	0.00800	0.91649	0.06300	0.02000	0.11200	0.50124	0.89994	0.86279	0.24221	0.81100	0.46514	0.02000	0.01200	0.80166	0.60102	0.27302	0.28386	0.10700	0.00000	0.00500	0.20227	0.00000	0.02645	0.03600	0.74333	0.69998	0.00000	0.08800	0.79861	0.17565	0.18110	0.77720	0.86032	0.03551	0.15700	0.02300	0.10610	0.90385	0.69103	0.11573	0.32100	0.84128	0.00000	0.82605	0.08900	0.30097	0.76800	0.28300	0.54000	0.10834	0.42173	0.88253	0.44198	0.74741	0.88633	0.01800		0.51900	0.96184	0.63361		0.01900	0.16066	0.74127	0.37721	0.83244	0.41000	0.43000	0.40198	0.13028	0.05800	0.00700	0.00102	0.28000	0.27400	0.61293	0.19798	0.00115	0.00041	0.00331	0.04013	0.17496	0.00790	0.00004	0.12716	0.00068	0.00197	0.00060	0.01036	0.20197	0.64614		0.00135	0.15390	0.58409	0.00285	0.01663	0.00214	0.00024	0.07479		0.02098	0.94986	0.23605	0.01952	0.13174	0.00021	0.00442	0.07488	0.31586	0.05706	0.62583	0.10506	0.00224	0.01717	0.03921	0.00014	0.00950	0.14016	0.00401	0.12651	1.54568	0.39424	0.20407	0.25958
1995	1.12508	0.20600	0.18300	0.81505	0.24259	0.11227	0.09621	0.00000	0.00000	0.37300	0.12000	0.00900	0.60141	0.16600	0.05000	0.00500	0.20700	0.89388		0.66800	0.04954	0.53654	0.29118		0.14500	0.90800	0.54470	0.91947	0.57015	0.00200	0.65395	0.84828	0.91188	0.11785	0.46800	0.28000	0.78014	0.06145	0.10000	0.84594	0.02700	0.15900	0.00000	0.00900	12.18245	0.00400	0.33280	0.24800	0.36500	0.21635	0.43273	0.88092	0.03100	0.97123	0.33700	0.02700	0.01300	0.61682	0.39718	0.02200	0.00800	0.91397	0.06000	0.02000	0.11100	0.49342	0.89493	0.86087	0.23781	0.80800	0.45030	0.02000	0.01200	0.79168	0.59000	0.26312	0.28487	0.10700	0.00000	0.00500	0.20156	0.00000	0.02646	0.03500	0.74228	0.69502	0.00000	0.08700	0.79504	0.17818	0.17759	0.77632	0.86631	0.03551	0.15300	0.02300	0.10624	0.90253	0.68698	0.11076	0.30300	0.83685	0.00000	0.81558	0.08900	0.29182	0.75000	0.28300	0.54000	0.10828	0.41069	0.87644	0.44098	0.74351	0.86922	0.01800		0.50800	0.95969	0.63756		0.01900	0.15286	0.72335	0.37022	0.83337	0.39400	0.42000	0.39500	0.13010	0.05500	0.00700	0.00102	0.27700	0.27400	0.59955	0.19401	0.00111	0.00041	0.00337	0.03739	0.17837	0.00779	0.00004	0.12677	0.00070	0.00197	0.00060	0.01036	0.20496	0.65022		0.00135	0.14851	0.60556	0.00289	0.01681	0.00215	0.00025	0.07341		0.02130	0.97592	0.23001	0.01952	0.13525	0.00022	0.00439	0.07323	0.30822	0.05835	0.64462	0.10425	0.00235	0.01722	0.03969	0.00015	0.00933	0.13242	0.00411	0.12415	1.52471	0.40233	0.20964	0.26481
1996	1.16529	0.19800	0.17900	0.80056	0.23700	0.10930	0.09474	0.00000	0.00000	0.37400	0.12000	0.00898	0.59038	0.16000	0.05000	0.00500	0.20000	0.88903		0.65900	0.04960	0.52546	0.28433		0.14500	0.90399	0.54083	0.90256	0.56631	0.00200	0.64880	0.84559	0.90989	0.11078	0.45700	0.27500	0.77212	0.05969	0.09700	0.84405	0.02700	0.15408	0.00000	0.00900	12.11568	0.00400	0.34421	0.24400	0.35200	0.20625	0.42112	0.87480	0.03100	0.97129	0.31900	0.02700	0.01300	0.61651	0.39731	0.02300	0.00800	0.91087	0.05700	0.02000	0.11100	0.48456	0.89085	0.85657	0.23267	0.80400	0.43666	0.02000	0.01200	0.78268	0.57697	0.25314	0.27787	0.10700	0.00000	0.00500	0.20109	0.00000	0.02545	0.03400	0.74083	0.68800	0.00000	0.08600	0.79055	0.18019	0.17542	0.77550	0.87236	0.03546	0.15000	0.02300	0.10599	0.90130	0.68296	0.10580	0.28300	0.83326	0.00000	0.80481	0.08900	0.28354	0.73301	0.28400	0.54100	0.10840	0.40060	0.87029	0.42642	0.74049	0.85203	0.01900		0.49800	0.95652	0.64150		0.01900	0.14409	0.70535	0.36219	0.83425	0.37800	0.41000	0.38905	0.13000	0.05100	0.00700	0.00102	0.27400	0.27400	0.58567	0.18905	0.00108	0.00042	0.00343	0.03506	0.18156	0.00779	0.00004	0.12687	0.00061	0.00198	0.00060	0.01037	0.20971	0.65258		0.00136	0.14341	0.62537	0.00294	0.01701	0.00215	0.00025	0.07241		0.02162	1.00053	0.22193	0.01962	0.13920	0.00022	0.00436	0.07171	0.30240	0.05931	0.66362	0.10335	0.00247	0.01727	0.03012	0.00015	0.00903	0.12360	0.00419	0.12158	1.50481	0.40758	0.21557	0.26993
1997	1.19268	0.19000	0.17499	0.78605	0.23106	0.10729	0.09369	0.00000	0.00000	0.37500	0.12000	0.00896	0.57931	0.15300	0.05000	0.00500	0.19400	0.88478		0.65000	0.04964	0.51442	0.27543		0.14500	0.89998	0.53787	0.88464	0.56334	0.00200	0.62650	0.84265	0.90789	0.10371	0.44600	0.26900	0.76503	0.05817	0.09400	0.84115	0.02700	0.14818	0.00000	0.00900	12.00371	0.00400	0.35764	0.23900	0.34000	0.19410	0.40953	0.86872	0.03100	0.95530	0.30200	0.02600	0.01300	0.61618	0.39949	0.02400	0.00800	0.90908	0.05400	0.02000	0.11000	0.47669	0.88570	0.85119	0.22696	0.80000	0.42314	0.02000	0.01200	0.77268	0.56492	0.24210	0.26987	0.10700	0.00000	0.00500	0.20008	0.00000	0.02552	0.03400	0.74086	0.67995	0.00000	0.08500	0.78512	0.18200	0.17419	0.77575	0.87148	0.03538	0.14600	0.02300	0.10539	0.90117	0.67894	0.10086	0.26300	0.82858	0.00000	0.79452	0.08900	0.27518	0.71597	0.28100	0.53500	0.10867	0.38949	0.86511	0.41185	0.73638	0.83380	0.01900		0.48700	0.95334	0.64543		0.01900	0.13634	0.68728	0.35415	0.83510	0.36200	0.40000	0.38212	0.13000	0.04800	0.00700	0.00202	0.27100	0.27500	0.57142	0.18411	0.00104	0.00043	0.00349	0.03192	0.18458	0.00776	0.00004	0.12729	0.00063	0.00198	0.00060	0.01037	0.21598	0.65492		0.00137	0.13805	0.64296	0.00297	0.01725	0.00215	0.00025	0.07077		0.02193	1.02407	0.21595	0.01951	0.14370	0.00023	0.00432	0.06999	0.29411	0.06026	0.68210	0.10243	0.00259	0.01732	0.03049	0.00015	0.00885	0.11525	0.00417	0.11879	1.48042	0.41152	0.22186	0.27447
1998	1.21617	0.18200	0.17099	0.77152	0.22444	0.10409	0.09296	0.00000	0.00000	0.37600	0.12000	0.00894	0.56825	0.14600	0.05100	0.00500	0.18700	0.88063		0.64100	0.04966	0.50344	0.26845		0.14400	0.89497	0.53390	0.86773	0.56042	0.00200	0.60330	0.83975	0.90590	0.09765	0.43400	0.26400	0.75696	0.05837	0.09100	0.83824	0.02700	0.14329	0.00000	0.00900	11.87442	0.00400	0.37332	0.23400	0.32800	0.18295	0.39794	0.86276	0.03100	0.94230	0.28600	0.02600	0.01300	0.61501	0.40067	0.03100	0.00800	0.90740	0.05100	0.02000	0.10900	0.46886	0.88159	0.84537	0.22102	0.79700	0.41069	0.02000	0.01200	0.76268	0.55290	0.23203	0.26287	0.10700	0.00000	0.00500	0.19916	0.00000	0.02453	0.03300	0.74111	0.67295	0.00000	0.08400	0.77983	0.18200	0.17300	0.77509	0.87160	0.03528	0.14200	0.02300	0.10460	0.90013	0.67490	0.09693	0.24400	0.82392	0.00000	0.78432	0.08900	0.26681	0.69901	0.27900	0.53000	0.10900	0.37942	0.85994	0.39731	0.73326	0.81664	0.01900		0.47700	0.95116	0.64935		0.01900	0.12854	0.66921	0.34711	0.83595	0.34600	0.39000	0.37519	0.13000	0.04500	0.00700	0.00401	0.26800	0.27500	0.55900	0.17914	0.00101	0.00043	0.00354	0.02863	0.18782	0.00774	0.00004	0.12859	0.00052	0.00198	0.00060	0.01037	0.22329	0.65476		0.00137	0.13190	0.66165	0.00300	0.01746	0.00216	0.00025	0.06893		0.02162	1.04722	0.20766	0.01933	0.14830	0.00024	0.00433	0.06777	0.28767	0.06091	0.70196	0.10153	0.00273	0.01737	0.03085	0.00015	0.00866	0.10534	0.00414	0.11579	1.45739	0.41343	0.22841	0.27927
1999	1.24131	0.17400	0.16699	0.75587	0.21678	0.10077	0.09237	0.00000	0.00000	0.36000	0.11700	0.00894	0.55823	0.13900	0.05096	0.00500	0.18000	0.87596		0.63200	0.05066	0.49254	0.26041		0.14400	0.88998	0.53085	0.85080	0.55673	0.00200	0.58052	0.83628	0.90490	0.09058	0.42300	0.25900	0.74982	0.05859	0.08800	0.83532	0.02700	0.13837	0.00000	0.00900	11.77755	0.00400	0.38815	0.23000	0.31500	0.17179	0.38830	0.85598	0.03122	0.92829	0.27000	0.02600	0.01300	0.61316	0.40284	0.03700	0.00800	0.90456	0.04800	0.02000	0.10900	0.46112	0.87665	0.83616	0.21530	0.79300	0.39716	0.02000	0.01200	0.75368	0.54092	0.22196	0.25488	0.10800	0.00000	0.00500	0.19857	0.00000	0.02352	0.03300	0.74024	0.66497	0.00000	0.08300	0.74887	0.18200	0.17300	0.77054	0.86870	0.03519	0.13800	0.02300	0.10381	0.89916	0.67184	0.09202	0.22500	0.81940	0.00000	0.77370	0.08800	0.25851	0.68105	0.27600	0.52500	0.10800	0.36949	0.85480	0.38282	0.72928	0.79969	0.01900		0.46600	0.94794	0.65327		0.01900	0.11956	0.65119	0.33911	0.83684	0.33000	0.38000	0.36824	0.13000	0.04200	0.00700	0.00499	0.26500	0.27500	0.54658	0.17411	0.00097	0.00043	0.00356	0.02525	0.19080	0.00771	0.00004	0.13094	0.00053	0.00199	0.00060	0.01037	0.23092	0.65409		0.00138	0.12633	0.67985	0.00306	0.01761	0.00216	0.00025	0.06740		0.02132	1.07096	0.20124	0.01929	0.15298	0.00024	0.00429	0.06574	0.28089	0.06149	0.72282	0.09877	0.00287	0.01743	0.03121	0.00015	0.00846	0.09548	0.00411	0.11257	1.42985	0.41527	0.23509	0.28381
2000	1.27547	0.16600	0.16400	0.74133	0.20793	0.09737	0.09266	0.00000	0.00000	0.34400	0.11400	0.00897	0.54725	0.13201	0.05187	0.00500	0.17300	0.87043		0.62300	0.05065	0.48170	0.25228		0.14400	0.88400	0.52684	0.83387	0.55429	0.00200	0.55930	0.83443	0.90292	0.08351	0.41200	0.25400	0.74170	0.05861	0.08600	0.83241	0.02700	0.13341	0.00000	0.00900	11.70373	0.00400	0.40221	0.22500	0.30300	0.16061	0.37961	0.85032	0.03000	0.91529	0.25400	0.02600	0.01300	0.61179	0.40398	0.04300	0.00800	0.90242	0.04500	0.02000	0.10800	0.45253	0.87193	0.82790	0.21111	0.79000	0.38353	0.02000	0.01200	0.74370	0.52900	0.21190	0.24690	0.10800	0.00000	0.00500	0.19803	0.00000	0.02355	0.03200	0.74005	0.65800	0.00000	0.08200	0.71817	0.18300	0.17300	0.76611	0.86676	0.03512	0.13400	0.02300	0.10315	0.89825	0.66774	0.08712	0.20600	0.81412	0.00000	0.76242	0.08600	0.25032	0.66401	0.27300	0.51800	0.10800	0.35874	0.84974	0.36842	0.72650	0.78303	0.01900		0.45600	0.94469	0.65718		0.01900	0.11140	0.63225	0.33217	0.83780	0.31500	0.37100	0.36228	0.13000	0.03800	0.00700	0.00599	0.26200	0.27500	0.53425	0.00086	0.00094	0.00044	0.00358	0.02176	0.19392	0.00769	0.00004	0.13454	0.00040	0.00198	0.00060	0.01037	0.23867	0.65331		0.00138	0.12016	0.69921	0.00312	0.01774	0.00216	0.00025	0.06562		0.02102	1.09602	0.19443	0.01945	0.15759	0.00025	0.00425	0.06359	0.27373	0.06218	0.74409	0.09598	0.00303	0.01750	0.03157	0.00015	0.00812	0.08472	0.00409	0.10915	1.39891	0.41622	0.24142	0.28804
2001	1.32218	0.15800	0.16001	0.72570	0.19922	0.09502	0.09209	0.00000	0.00000	0.32800	0.11100	0.00803	0.53632	0.12600	0.05200	0.00500	0.16700	0.86401		0.61400	0.05062	0.47096	0.24607		0.14280	0.87906	0.52283	0.81694	0.55213	0.00200	0.53858	0.83316	0.90094	0.07743	0.40000	0.24900	0.73455	0.05847	0.08300	0.82951	0.02700	0.12840	0.00000	0.00900	11.68863	0.00400	0.41522	0.22100	0.29200	0.14839	0.37084	0.84486	0.03000	0.90231	0.23800	0.02600	0.01300	0.61088	0.40508	0.05000	0.00800	0.89992	0.04200	0.02000	0.10799	0.44507	0.86749	0.82070	0.20650	0.78400	0.37083	0.02000	0.01200	0.73372	0.51914	0.20185	0.23793	0.10700	0.00000	0.00500	0.19727	0.00000	0.02249	0.03200	0.73948	0.65200	0.00000	0.08100	0.68771	0.18300	0.17300	0.76285	0.86379	0.03508	0.13100	0.02300	0.10307	0.89739	0.66459	0.08322	0.18500	0.81006	0.00000	0.75045	0.08500	0.24224	0.64397	0.27100	0.50801	0.10700	0.34917	0.84475	0.35409	0.72297	0.76666	0.02000		0.44500	0.94238	0.66010		0.01900	0.10300	0.61439	0.32630	0.83780	0.29900	0.36100	0.35527	0.12200	0.03500	0.00700	0.00704	0.25900	0.27600	0.52202	0.00084	0.00090	0.00045	0.00360	0.01884	0.19752	0.00767	0.00004	0.13940	0.00028	0.00198	0.00060	0.01063	0.24579	0.65022		0.00139	0.11465	0.72002	0.00317	0.01774	0.00217	0.00025	0.06294		0.02072	1.12258	0.18725	0.01992	0.16210	0.00026	0.00422	0.06133	0.26621	0.06269	0.76763	0.09504	0.00320	0.01757	0.02126	0.00015	0.00788	0.07356	0.00409	0.10646	1.36583	0.41699	0.24776	0.29148
2002	1.37516	0.15000	0.15702	0.71121	0.18812	0.09145	0.09158	0.00000	0.00000	0.31200	0.10800	0.00811	0.52543	0.11900	0.05200	0.00500	0.16000	0.85698		0.60500	0.05056	0.46126	0.23981		0.14144	0.87315	0.51975	0.79901	0.54928	0.00200	0.51823	0.83219	0.89896	0.07136	0.38800	0.24400	0.72641	0.05822	0.08000	0.82662	0.02700	0.12337	0.00000	0.00900	11.70584	0.00400	0.42744	0.21600	0.28000	0.13718	0.36202	0.83961	0.03000	0.88934	0.22300	0.02500	0.01300	0.61046	0.40614	0.05600	0.00800	0.89613	0.03800	0.02000	0.10696	0.43773	0.86418	0.81342	0.20236	0.77900	0.35694	0.02000	0.01200	0.72375	0.50832	0.19281	0.23096	0.10600	0.00000	0.00500	0.19686	0.00000	0.02141	0.03100	0.73759	0.64800	0.00000	0.08000	0.65739	0.17900	0.17300	0.75871	0.86180	0.03506	0.12700	0.02300	0.10302	0.89656	0.66037	0.07834	0.16500	0.80518	0.00000	0.73706	0.08400	0.23426	0.62500	0.26800	0.49903	0.10700	0.33973	0.84082	0.33983	0.71861	0.75151	0.02000		0.43500	0.93900	0.66401		0.01900	0.09344	0.59658	0.32146	0.83891	0.28400	0.35200	0.34925	0.11500	0.03200	0.00700	0.00814	0.25600	0.27600	0.51083	0.00082	0.00087	0.00045	0.00363	0.01507	0.20096	0.00792	0.00004	0.14567	0.00028	0.00198	0.00060	0.01087	0.25273	0.64718		0.00141	0.10840	0.74201	0.00322	0.01773	0.00217	0.00025	0.06056		0.02021	1.15054	0.17974	0.02059	0.16655	0.00026	0.00424	0.05933	0.25835	0.06333	0.79253	0.09234	0.00337	0.01764	0.02146	0.00015	0.00764	0.06302	0.00408	0.10360	1.33025	0.41815	0.25329	0.29518
2003	1.43157	0.14200	0.15304	0.69579	0.17627	0.08779	0.09024	0.00000	0.00000	0.29500	0.10600	0.00818	0.51555	0.11200	0.05300	0.00500	0.15400	0.84961		0.59600	0.05049	0.45347	0.23353		0.14112	0.86821	0.51576	0.78207	0.54763	0.00200	0.49826	0.83017	0.89697	0.06429	0.37600	0.23900	0.71825	0.05786	0.07700	0.82274	0.02700	0.11731	0.00000	0.00900	11.72315	0.00400	0.44014	0.21100	0.26900	0.12595	0.35318	0.83360	0.03000	0.87536	0.20700	0.02500	0.01300	0.61062	0.40716	0.06300	0.00800	0.89318	0.03500	0.02001	0.10692	0.43049	0.85961	0.80777	0.19846	0.77400	0.34393	0.02000	0.01200	0.71378	0.49854	0.18277	0.22298	0.10500	0.00000	0.00500	0.19636	0.00000	0.02140	0.03000	0.73651	0.64302	0.00000	0.07900	0.62707	0.17400	0.17600	0.75460	0.85980	0.03504	0.12300	0.02300	0.10298	0.89576	0.65711	0.07446	0.14600	0.80141	0.00000	0.72370	0.08200	0.22633	0.60500	0.26600	0.49005	0.10200	0.33135	0.83602	0.32556	0.71416	0.73641	0.02000		0.42500	0.93562	0.66792		0.01900	0.08501	0.57877	0.31566	0.83903	0.27000	0.34200	0.34225	0.10800	0.02900	0.00700	0.00927	0.25200	0.27600	0.49965	0.00080	0.00084	0.00046	0.00366	0.01108	0.20453	0.00790	0.00004	0.15264	0.00014	0.00198	0.00060	0.01113	0.25963	0.64417		0.00144	0.10269	0.76473	0.00327	0.01765	0.00218	0.00026	0.05806		0.01993	1.18002	0.17195	0.02138	0.17102	0.00027	0.00422	0.05692	0.24770	0.06380	0.81768	0.08984	0.00360	0.01773	0.02165	0.00015	0.00738	0.05121	0.00407	0.10057	1.29366	0.41825	0.25932	0.29936
2004	1.48500	0.13400	0.15006	0.68065	0.16396	0.08520	0.08973	0.00000	0.00000	0.27900	0.10300	0.00822	0.50466	0.10500	0.05300	0.00500	0.14700	0.84124		0.58700	0.05041	0.44444	0.22730		0.14083	0.86217	0.51279	0.76513	0.54522	0.00200	0.47865	0.82872	0.89496	0.05822	0.36300	0.23400	0.71109	0.05762	0.07400	0.81989	0.02800	0.11326	0.00000	0.00900	11.74880	0.00400	0.45182	0.20600	0.25800	0.11472	0.34536	0.82869	0.03000	0.86236	0.19200	0.02500	0.01300	0.61148	0.40812	0.06900	0.00800	0.89019	0.03200	0.02000	0.10593	0.42333	0.85429	0.80163	0.19445	0.76800	0.32963	0.02000	0.01200	0.70382	0.48876	0.17273	0.21497	0.10400	0.00000	0.00500	0.19683	0.00000	0.02034	0.03000	0.73536	0.63898	0.00000	0.07800	0.59760	0.17000	0.17800	0.75143	0.85678	0.03501	0.11900	0.02300	0.10293	0.89599	0.65282	0.07056	0.12700	0.79766	0.00000	0.71085	0.08100	0.21941	0.58601	0.26300	0.48104	0.09600	0.32192	0.83139	0.31123	0.70929	0.72017	0.02100		0.41400	0.93230	0.67083		0.01900	0.07589	0.56091	0.31085	0.83916	0.25600	0.33300	0.33633	0.10100	0.02700	0.00700	0.01140	0.24800	0.27600	0.48842	0.00078	0.00084	0.00047	0.00369	0.00685	0.20858	0.00788	0.00004	0.15954	0.00014	0.00198	0.00060	0.01137	0.26637	0.64277		0.00147	0.09624	0.78642	0.00333	0.01759	0.00219	0.00026	0.05562		0.01963	1.20976	0.16624	0.02214	0.17559	0.00027	0.00419	0.05447	0.24144	0.06429	0.84477	0.08743	0.00378	0.01783	0.02185	0.00015	0.00713	0.03910	0.00406	0.09735	1.25645	0.41793	0.26504	0.30331
2005	1.53114	0.12600	0.14709	0.66583	0.15139	0.08133	0.08915	0.00000	0.00000	0.26300	0.10000	0.00820	0.49473	0.09900	0.05401	0.00500	0.14000	0.83409		0.57800	0.05031	0.43509	0.22115		0.13953	0.85600	0.50897	0.74819	0.54395	0.00200	0.46033	0.82546	0.89292	0.05216	0.35100	0.22900	0.70295	0.05741	0.07200	0.81707	0.02800	0.10822	0.00000	0.00900	11.75338	0.00400	0.46387	0.20100	0.24700	0.10245	0.33656	0.82386	0.02900	0.84931	0.17700	0.02500	0.01300	0.61308	0.40904	0.07500	0.00800	0.88627	0.02900	0.02000	0.10600	0.41622	0.84794	0.79672	0.19014	0.76300	0.31615	0.02000	0.01200	0.69387	0.47997	0.16269	0.20693	0.10300	0.00000	0.00500	0.19623	0.00000	0.01929	0.02900	0.73424	0.63497	0.00000	0.07700	0.56689	0.16500	0.18000	0.74708	0.85476	0.03495	0.11500	0.02300	0.10085	0.89426	0.64954	0.06565	0.10900	0.79288	0.00000	0.69978	0.08000	0.21151	0.56599	0.26100	0.47300	0.09100	0.31239	0.82695	0.29680	0.70379	0.70467	0.02100		0.40400	0.93008	0.67474		0.01900	0.06712	0.54295	0.30502	0.83928	0.24200	0.32400	0.32951	0.09400	0.02400	0.00700	0.01240	0.24400	0.27600	0.47712	0.00076	0.00084	0.00047	0.00371	0.00235	0.21239	0.00811	0.00004	0.16579	0.00000	0.00198	0.00061	0.01161	0.27379	0.64142		0.00149	0.09034	0.80864	0.00340	0.01761	0.00220	0.00026	0.05330		0.01908	1.24108	0.15805	0.02277	0.18033	0.00028	0.00417	0.05274	0.23235	0.06500	0.87165	0.08507	0.00424	0.01796	0.02206	0.00015	0.00688	0.02671	0.00405	0.09497	1.21778	0.41715	0.27139	0.30823
2006	1.56851	0.11900	0.14412	0.65132	0.14003	0.07856	0.08764	0.00000	0.00000	0.24700	0.09701	0.00815	0.48376	0.09200	0.05401	0.00500	0.13400	0.82619		0.56900	0.05120	0.42542	0.21607		0.13921	0.84969	0.50527	0.73124	0.54188	0.00200	0.44132	0.82261	0.89183	0.04611	0.33900	0.22500	0.69579	0.05731	0.07000	0.81428	0.02800	0.10319	0.00000	0.00900	11.73340	0.00400	0.47635	0.19600	0.23600	0.09120	0.32781	0.81910	0.02900	0.83622	0.16200	0.02500	0.01300	0.61530	0.40990	0.08200	0.00800	0.88345	0.02600	0.02000	0.10514	0.40916	0.84056	0.79112	0.18546	0.75800	0.30243	0.02000	0.01200	0.68393	0.47017	0.15265	0.19886	0.10200	0.00000	0.00500	0.19560	0.00000	0.01931	0.02900	0.73214	0.63002	0.00000	0.07600	0.53596	0.16100	0.18201	0.74256	0.85174	0.03485	0.11100	0.02300	0.09976	0.89356	0.64522	0.06172	0.09100	0.78906	0.00000	0.68749	0.07800	0.20361	0.54702	0.25800	0.46491	0.08600	0.30274	0.82372	0.28325	0.69762	0.68888	0.02100		0.39400	0.92696	0.67766		0.01900	0.05867	0.52591	0.30018	0.83937	0.22800	0.31500	0.32280	0.08700	0.02100	0.00700	0.01329	0.24100	0.27700	0.46576	0.00074	0.00084	0.00048	0.00374	0.00000	0.21628	0.00807	0.00004	0.17100	0.00000	0.00216	0.00061	0.01185	0.28122	0.63848		0.00152	0.08367	0.83021	0.00345	0.01765	0.00221	0.00026	0.05113		0.01875	1.27409	0.15202	0.02319	0.18526	0.00029	0.00419	0.05065	0.22281	0.06559	0.90037	0.08279	0.00485	0.01809	0.01114	0.00015	0.00665	0.01402	0.00403	0.09140	1.18052	0.41672	0.27794	0.31369
2007	1.60130	0.11100	0.14216	0.63703	0.12695	0.07449	0.08688	0.00000	0.00000	0.23200	0.09402	0.00807	0.47376	0.08500	0.05401	0.00500	0.12700	0.81949		0.56000	0.05110	0.41652	0.21007		0.14100	0.84329	0.50260	0.71329	0.54092	0.00200	0.42349	0.81810	0.88969	0.04007	0.32800	0.22000	0.68766	0.05735	0.06700	0.81050	0.02800	0.09817	0.00000	0.00900	11.69714	0.00400	0.48910	0.19200	0.22600	0.07994	0.32011	0.81346	0.02900	0.82310	0.14701	0.02500	0.01300	0.61701	0.41072	0.08800	0.00800	0.88068	0.02300	0.02000	0.10434	0.40214	0.83240	0.78672	0.18054	0.75399	0.28849	0.02000	0.01200	0.67400	0.46037	0.14362	0.19078	0.10100	0.00000	0.00500	0.19494	0.00000	0.01828	0.02800	0.73103	0.62601	0.00000	0.07500	0.50486	0.15700	0.18405	0.73893	0.84973	0.03472	0.10700	0.02400	0.09766	0.89287	0.64189	0.05777	0.07400	0.78420	0.00000	0.67681	0.07700	0.19671	0.52699	0.25500	0.45680	0.08100	0.29301	0.81967	0.26866	0.69092	0.67288	0.02100		0.38400	0.92386	0.68158		0.01900	0.05133	0.50779	0.29431	0.84049	0.21400	0.30600	0.31716	0.07900	0.01800	0.00700	0.01413	0.23700	0.27700	0.45538	0.00071	0.00084	0.00049	0.00376	0.00000	0.22029	0.00804	0.00005	0.17570	0.00000	0.00216	0.00061	0.01209	0.28929	0.63719		0.00155	0.07757	0.85142	0.00352	0.01774	0.00223	0.00026	0.04895		0.01841	1.30876	0.15290	0.02344	0.19036	0.00029	0.00416	0.04855	0.21288	0.06560	0.92883	0.08059	0.00559	0.01824	0.01125	0.00014	0.00641	0.00102	0.00401	0.08766	1.13873	0.41505	0.28421	0.31969
2008	1.62847	0.10400	0.13920	0.62178	0.12847	0.07156	0.08615	0.00000	0.00000	0.21600	0.09102	0.00799	0.46372	0.07800	0.05500	0.00500	0.12100	0.81217		0.55100	0.05097	0.40651	0.20411		0.14100	0.83690	0.49897	0.69633	0.53908	0.00200	0.40450	0.81316	0.88753	0.03403	0.31600	0.21600	0.67954	0.05733	0.06500	0.80779	0.02900	0.09316	0.00000	0.00900	11.65644	0.00400	0.50211	0.18700	0.21500	0.06868	0.31141	0.80879	0.02900	0.81003	0.13202	0.02500	0.01300	0.62030	0.41147	0.09500	0.00800	0.87688	0.02000	0.02000	0.10448	0.39517	0.82368	0.78154	0.17558	0.74899	0.27437	0.02000	0.01200	0.66404	0.45052	0.13358	0.18267	0.10000	0.00000	0.00500	0.19423	0.00000	0.01836	0.02700	0.72985	0.62102	0.00000	0.07400	0.47453	0.15200	0.18708	0.73418	0.84674	0.03361	0.10300	0.02400	0.09556	0.89211	0.63737	0.05383	0.05800	0.78030	0.00000	0.66663	0.07600	0.18882	0.50803	0.25300	0.44874	0.07500	0.28321	0.81571	0.25404	0.68397	0.65674	0.02200		0.37300	0.92067	0.68450		0.01900	0.04265	0.48964	0.28945	0.84058	0.20000	0.29700	0.31056	0.07200	0.01500	0.00700	0.01500	0.23300	0.27700	0.44507	0.00069	0.00084	0.00049	0.00378	0.00000	0.22445	0.00825	0.00005	0.17990	0.00000	0.00216	0.00061	0.01232	0.29723	0.63595		0.00157	0.07070	0.87270	0.00358	0.01786	0.00225	0.00027	0.04640		0.01804	1.34487	0.15373	0.02366	0.19538	0.00030	0.00413	0.04643	0.20523	0.06561	0.95925	0.07846	0.00638	0.01839	0.01136	0.00014	0.00618	0.00000	0.00398	0.08480	1.09566	0.41289	0.29121	0.32575
2009	1.65461	0.09800	0.13625	0.60769	0.13000	0.06856	0.08556	0.00000	0.00000	0.20000	0.08802	0.00792	0.45365	0.07200	0.05500	0.00500	0.11400	0.80629		0.54200	0.05076	0.39653	0.19916		0.14100	0.83064	0.49516	0.67839	0.53822	0.00200	0.38599	0.80481	0.88540	0.02900	0.30400	0.21100	0.67242	0.05723	0.06300	0.80414	0.02900	0.08816	0.00000	0.00900	11.62638	0.00400	0.51531	0.18300	0.20400	0.05741	0.30374	0.80416	0.02900	0.79707	0.11802	0.02400	0.01300	0.62421	0.41117	0.10100	0.00800	0.87397	0.01800	0.02000	0.10340	0.38824	0.81471	0.77733	0.17084	0.74499	0.26119	0.02000	0.01200	0.65405	0.44162	0.12454	0.17456	0.10000	0.00000	0.00500	0.19347	0.00000	0.01742	0.02700	0.72749	0.61701	0.00000	0.07300	0.44292	0.14800	0.18906	0.73042	0.84479	0.03352	0.09900	0.02400	0.09446	0.89118	0.63360	0.04990	0.04200	0.77533	0.00000	0.65682	0.07400	0.18194	0.48799	0.25000	0.44179	0.07000	0.27335	0.81173	0.24043	0.67814	0.64056	0.02200		0.36300	0.91722	0.68841		0.01900	0.03444	0.47149	0.28358	0.84069	0.18700	0.28800	0.30391	0.06500	0.01300	0.00700	0.01600	0.22900	0.27700	0.43494	0.00067	0.00085	0.00050	0.00380	0.00000	0.22880	0.00822	0.00005	0.18373	0.00000	0.00217	0.00062	0.01255	0.30534	0.63474		0.00158	0.06439	0.89472	0.00365	0.01803	0.00227	0.00027	0.04389		0.01739	1.38209	0.15691	0.02385	0.20076	0.00031	0.00411	0.04466	0.19489	0.06562	0.98937	0.07643	0.00710	0.01853	0.01146	0.00014	0.00595	0.00000	0.00395	0.08071	1.05148	0.42174	0.29854	0.33294
2010	1.68748	0.09100	0.13430	0.59249	0.13151	0.06424	0.08523	0.00000	0.00000	0.18400	0.08600	0.00787	0.44355	0.06500	0.05500	0.00500	0.10800	0.79999		0.53300	0.05047	0.38766	0.19322		0.14100	0.82458	0.49204	0.66146	0.53634	0.00200	0.36676	0.79363	0.88332	0.02297	0.29200	0.20700	0.66433	0.05701	0.06100	0.80159	0.02900	0.08318	0.00000	0.00900	11.61587	0.00400	0.52863	0.17900	0.19300	0.05434	0.29607	0.79958	0.02800	0.78426	0.10400	0.02400	0.01300	0.62867	0.41179	0.10700	0.00800	0.86990	0.01500	0.02000	0.10300	0.38135	0.80473	0.77213	0.16648	0.74100	0.24681	0.02000	0.01200	0.64500	0.43162	0.11448	0.16643	0.09900	0.00000	0.00500	0.19264	0.00000	0.01653	0.02600	0.72594	0.61202	0.00000	0.07200	0.41206	0.14400	0.19100	0.72566	0.84190	0.03348	0.09500	0.02400	0.09237	0.88903	0.62846	0.04599	0.02700	0.77128	0.00000	0.64625	0.07300	0.17506	0.46899	0.24700	0.43500	0.06500	0.26446	0.80866	0.22687	0.67167	0.62440	0.02200		0.35300	0.91242	0.69131		0.01900	0.03410	0.45337	0.27874	0.84084	0.17300	0.28000	0.29718	0.05700	0.01000	0.00700	0.01714	0.22500	0.27700	0.42605	0.00064	0.00085	0.00050	0.00383	0.00000	0.23336	0.00819	0.00005	0.18787	0.00000	0.00217	0.00062	0.01279	0.31357	0.63356		0.00159	0.05730	0.91796	0.00371	0.01816	0.00229	0.00027	0.03987		0.01698	1.41853	0.16009	0.02412	0.20627	0.00031	0.00413	0.04246	0.18708	0.06563	1.02155	0.07445	0.00766	0.01868	0.01155	0.00014	0.00572	0.00000	0.00391	0.07753	1.00944	0.42977	0.30625	0.34074
2011	1.72576	0.08501	0.13237	0.57836	0.13298	0.06109	0.08518	0.00000	0.00000	0.16800	0.08297	0.00783	0.43343	0.05800	0.05600	0.00500	0.10100	0.79522		0.52501	0.05005	0.37793	0.18727		0.14100	0.81873	0.48773	0.64356	0.53538	0.00200	0.34681	0.77947	0.88129	0.01695	0.28100	0.20200	0.65627	0.05673	0.05900	0.79812	0.02900	0.07821	0.00000	0.00900	11.62615	0.00400	0.54211	0.17500	0.18300	0.05433	0.28840	0.79505	0.02800	0.77161	0.08998	0.02400	0.01300	0.63266	0.41136	0.11300	0.00785	0.86667	0.01200	0.02001	0.10125	0.37548	0.79572	0.76684	0.16253	0.73701	0.23341	0.02000	0.01200	0.63489	0.42255	0.10744	0.15929	0.09800	0.00000	0.00500	0.19284	0.00000	0.01681	0.02600	0.72418	0.60797	0.00000	0.07100	0.38099	0.13900	0.19286	0.72192	0.84006	0.03349	0.09200	0.02400	0.09028	0.88766	0.62400	0.04309	0.02000	0.76616	0.00000	0.63690	0.07100	0.16820	0.44896	0.24500	0.42838	0.06000	0.25554	0.80449	0.21336	0.66563	0.60829	0.02200		0.34300	0.90829	0.69419		0.01900	0.03328	0.43629	0.27290	0.84206	0.15900	0.27100	0.29138	0.05000	0.00800	0.00700	0.01946	0.22100	0.27700	0.41640	0.00062	0.00085	0.00051	0.00384	0.00000	0.23816	0.00836	0.00005	0.19212	0.00000	0.00217	0.00062	0.01302	0.32192	0.63241		0.00160	0.05078	0.92684	0.00379	0.01829	0.00231	0.00028	0.03519		0.01654	1.45564	0.16088	0.02444	0.21189	0.00032	0.00410	0.04061	0.17921	0.06564	1.05335	0.07251	0.00803	0.01883	0.00000	0.00014	0.00549	0.00000	0.00388	0.07309	0.96314	0.43880	0.31437	0.34918
2012	1.76791	0.07900	0.13044	0.56309	0.13298	0.05788	0.08537	0.00000	0.00000	0.15300	0.07992	0.00780	0.42428	0.05100	0.05600	0.00500	0.09800	0.78997		0.51601	0.04955	0.36833	0.18233		0.14000	0.81304	0.48326	0.62565	0.53340	0.00200	0.32735	0.76306	0.87929	0.01195	0.26900	0.19800	0.64922	0.05629	0.05700	0.79574	0.02900	0.07325	0.00000	0.00900	11.65151	0.00400	0.54437	0.17100	0.17200	0.05433	0.28072	0.79505	0.02800	0.75908	0.08894	0.02400	0.01300	0.63806	0.41186	0.11900	0.00800	0.86232	0.01000	0.02000	0.10022	0.36864	0.78678	0.76241	0.16285	0.73303	0.21989	0.02000	0.01200	0.62474	0.41340	0.10441	0.15117	0.09700	0.00000	0.00500	0.19200	0.00000	0.01600	0.02500	0.72226	0.60296	0.00000	0.07000	0.35083	0.13500	0.19269	0.71820	0.83728	0.03354	0.08800	0.02400	0.09021	0.88610	0.61824	0.04121	0.02000	0.76197	0.00000	0.62670	0.07000	0.16134	0.42994	0.24200	0.42188	0.05400	0.24659	0.80024	0.19989	0.66091	0.59220	0.02200		0.33200	0.90389	0.69707		0.01900	0.03225	0.41822	0.26807	0.84228	0.14600	0.26300	0.28449	0.04300	0.00500	0.00700	0.02093	0.21700	0.27800	0.40792	0.00059	0.00085	0.00052	0.00392	0.00000	0.24315	0.00833	0.00005	0.19641	0.00000	0.00218	0.00062	0.01325	0.32197	0.63127		0.00160	0.04346	0.94867	0.00385	0.01842	0.00232	0.00028	0.03086		0.01580	1.49519	0.16407	0.02487	0.21764	0.00033	0.00412	0.03833	0.17120	0.06565	1.08727	0.07066	0.00824	0.01896	0.00000	0.00014	0.00525	0.00000	0.00396	0.06846	0.91582	0.44789	0.32288	0.35825
2013	1.81173	0.07296	0.12851	0.54773	0.13298	0.05459	0.08571	0.00000	0.00000	0.13700	0.07987	0.00780	0.41409	0.04500	0.05600	0.00500	0.09400	0.78506		0.50702	0.04903	0.35891	0.17738		0.14000	0.80944	0.47882	0.60774	0.53235	0.00200	0.30657	0.74888	0.87918	0.00994	0.25800	0.19400	0.64118	0.05580	0.05500	0.79240	0.02900	0.06930	0.00000	0.00900	11.70117	0.00400	0.54659	0.16700	0.16200	0.05433	0.27304	0.79505	0.02800	0.74759	0.08892	0.02400	0.01301	0.64307	0.41033	0.12500	0.00786	0.85893	0.01000	0.02000	0.09907	0.36181	0.77820	0.76078	0.16336	0.72904	0.20627	0.02000	0.01200	0.61455	0.40423	0.10137	0.14305	0.09600	0.00000	0.00500	0.19119	0.00000	0.01633	0.02500	0.71919	0.60295	0.00000	0.06900	0.31979	0.13100	0.19260	0.71356	0.83456	0.03362	0.08400	0.02400	0.09114	0.88441	0.61332	0.04033	0.02000	0.75675	0.00000	0.61648	0.06800	0.15448	0.42994	0.23900	0.41644	0.04900	0.23761	0.79601	0.19906	0.65549	0.57710	0.02200		0.32201	0.89829	0.69998		0.01900	0.03135	0.40115	0.26325	0.84251	0.13200	0.25400	0.27756	0.03500	0.00400	0.00700	0.02142	0.21400	0.27800	0.39953	0.00057	0.00085	0.00053	0.00400	0.00000	0.24825	0.00829	0.00005	0.20051	0.00000	0.00218	0.00062	0.01349	0.32201	0.63016		0.00159	0.03675	0.97021	0.00390	0.01877	0.00234	0.00028	0.02994		0.01529	1.53378	0.16724	0.02534	0.22325	0.00034	0.00414	0.03638	0.16297	0.06566	1.12065	0.07051	0.00834	0.01909	0.00000	0.00014	0.00501	0.00000	0.00405	0.06482	0.87071	0.44797	0.33113	0.36726
2014	1.85132	0.06789	0.12658	0.54335	0.13298	0.05122	0.08609	0.00000	0.00000	0.12100	0.07982	0.00785	0.40483	0.03800	0.05695	0.00499	0.09500	0.78035		0.49801	0.04857	0.35851	0.17143		0.14000	0.80585	0.47553	0.58979	0.53127	0.00200	0.28683	0.73591	0.87886	0.00992	0.24600	0.18900	0.63316	0.05536	0.05500	0.79012	0.02900	0.06836	0.00000	0.00900	11.73357	0.00400	0.54761	0.16400	0.15300	0.05432	0.26533	0.79505	0.02800	0.73508	0.08894	0.02400	0.01297	0.64685	0.40979	0.13100	0.00800	0.85760	0.01000	0.02000	0.09800	0.36092	0.76937	0.76007	0.16389	0.72603	0.19252	0.02000	0.01200	0.60433	0.39505	0.10135	0.14291	0.09500	0.00000	0.00500	0.19147	0.00000	0.01663	0.02500	0.71708	0.60293	0.00000	0.06800	0.29002	0.12600	0.19270	0.71011	0.83290	0.03370	0.08000	0.02400	0.09108	0.88168	0.60729	0.04044	0.02000	0.75254	0.00000	0.61732	0.06800	0.14762	0.42888	0.23600	0.41097	0.04400	0.23674	0.79589	0.19920	0.65125	0.56094	0.02300		0.32200	0.89361	0.70295		0.01900	0.03086	0.38304	0.25740	0.84275	0.12200	0.24600	0.27060	0.02800	0.00300	0.00700	0.02186	0.21000	0.27800	0.39213	0.00054	0.00085	0.00053	0.00409	0.00000	0.25338	0.00825	0.00005	0.20485	0.00000	0.00218	0.00063	0.01372	0.32206	0.63089		0.00159	0.03494	0.99374	0.00394	0.01912	0.00237	0.00029	0.02903		0.01476	1.57318	0.17037	0.02582	0.22918	0.00034	0.00416	0.03398	0.15444	0.06567	1.15617	0.06851	0.00841	0.01924	0.00000	0.00014	0.00477	0.00000	0.00414	0.06573	0.82459	0.44804	0.34021	0.37724
2015	1.90383	0.06780	0.12464	0.53888	0.13298	0.04776	0.08641	0.00000	0.00000	0.10698	0.07976	0.00797	0.39450	0.03800	0.05686	0.00499	0.09500	0.78057		0.49700	0.04825	0.35738	0.17044		0.14000	0.80322	0.47443	0.57377	0.53017	0.00200	0.28463	0.72548	0.87724	0.00891	0.23500	0.18900	0.63300	0.05496	0.05500	0.78889	0.02985	0.06843	0.00000	0.00900	11.75851	0.00401	0.54943	0.16000	0.15300	0.05431	0.25759	0.79505	0.02807	0.72349	0.08900	0.02399	0.01296	0.65000	0.40825	0.13842	0.00803	0.85637	0.01000	0.02000	0.09714	0.35900	0.76623	0.76031	0.16330	0.72400	0.19309	0.02000	0.01200	0.60308	0.39291	0.10032	0.14278	0.09574	0.00000	0.00499	0.19175	0.00000	0.01688	0.02500	0.71700	0.60291	0.00000	0.06700	0.28509	0.12194	0.19302	0.70994	0.83030	0.03376	0.07586	0.02400	0.09104	0.87995	0.60228	0.04052	0.02100	0.74736	0.00000	0.61693	0.06900	0.14669	0.42889	0.23600	0.40542	0.04099	0.23589	0.79593	0.19835	0.64712	0.54471	0.02300		0.32100	0.89090	0.70602		0.01897	0.03086	0.36588	0.25255	0.84299	0.11400	0.23800	0.26364	0.02799	0.00300	0.00700	0.02220	0.20882	0.27800	0.38466	0.00054	0.00085	0.00054	0.00417	0.00000	0.25846	0.00844	0.00005	0.20897	0.00000	0.00218	0.00063	0.01395	0.32211	0.62982		0.00159	0.03528	0.99389	0.00398	0.01948	0.00239	0.00029	0.02832		0.01509	1.61152	0.17100	0.02633	0.23517	0.00034	0.00418	0.03438	0.14554	0.06568	1.19393	0.06834	0.00814	0.01940	0.00000	0.00014	0.00466	0.00000	0.00424	0.06663	0.77388	0.44812	0.34946	0.38748